Time,Condition,errbargroup,Proportion,SE,YMin,YMax,reveal_time
-1500,Noun,N,0.37735849056603776,0.06721936822588917,0.3101391223401486,0.4445778587919269,1
-1480,Noun,N,0.3584905660377358,0.06650261419090688,0.29198795184682896,0.4249931802286427,2
-1460,Noun,N,0.37735849056603776,0.06721936822588917,0.3101391223401486,0.4445778587919269,3
-1440,Noun,N,0.360377358490566,0.06467175255047598,0.29570560594009004,0.425049111041042,4
-1420,Noun,N,0.37735849056603776,0.06721936822588917,0.3101391223401486,0.4445778587919269,5
-1400,Noun,N,0.3584905660377358,0.06650261419090688,0.29198795184682896,0.4249931802286427,6
-1380,Noun,N,0.3905660377358491,0.0670909176118819,0.3234751201239672,0.457656955347731,7
-1360,Noun,N,0.39622641509433965,0.0678277006998428,0.32839871439449686,0.46405411579418243,8
-1340,Noun,N,0.37735849056603776,0.06721936822588917,0.3101391223401486,0.4445778587919269,9
-1320,Noun,N,0.39622641509433965,0.0678277006998428,0.32839871439449686,0.46405411579418243,10
-1300,Noun,N,0.39622641509433965,0.0678277006998428,0.32839871439449686,0.46405411579418243,11
-1280,Noun,N,0.39622641509433965,0.0678277006998428,0.32839871439449686,0.46405411579418243,12
-1260,Noun,N,0.37735849056603776,0.06721936822588917,0.3101391223401486,0.4445778587919269,13
-1240,Noun,N,0.39622641509433965,0.0678277006998428,0.32839871439449686,0.46405411579418243,14
-1220,Noun,N,0.4169811320754717,0.06706233961908728,0.34991879245638446,0.48404347169455897,15
-1200,Noun,N,0.4339622641509434,0.06873010445603236,0.3652321596949111,0.5026923686069757,16
-1180,Noun,N,0.4339622641509434,0.06873010445603236,0.3652321596949111,0.5026923686069757,17
-1160,Noun,N,0.4339622641509434,0.06873010445603236,0.3652321596949111,0.5026923686069757,18
-1140,Noun,N,0.439622641509434,0.06827437722313466,0.3713482642862993,0.5078970187325687,19
-1120,Noun,N,0.4528301886792453,0.06902828418342012,0.3838019044958252,0.5218584728626654,20
-1100,Noun,N,0.4528301886792453,0.06902828418342012,0.3838019044958252,0.5218584728626654,21
-1080,Noun,N,0.4528301886792453,0.06902828418342012,0.3838019044958252,0.5218584728626654,22
-1060,Noun,N,0.4528301886792453,0.06902828418342012,0.3838019044958252,0.5218584728626654,23
-1040,Noun,N,0.4716981132075472,0.06922635714201347,0.4024717560655337,0.5409244703495606,24
-1020,Noun,N,0.4509433962264151,0.06780953013184254,0.38313386609457256,0.5187529263582576,25
-1000,Noun,N,0.4339622641509434,0.06873010445603236,0.3652321596949111,0.5026923686069757,26
-980,Noun,N,0.4339622641509434,0.06873010445603236,0.3652321596949111,0.5026923686069757,27
-960,Noun,N,0.4339622641509434,0.06873010445603236,0.3652321596949111,0.5026923686069757,28
-940,Noun,N,0.4339622641509434,0.06873010445603236,0.3652321596949111,0.5026923686069757,29
-920,Noun,N,0.4339622641509434,0.06873010445603236,0.3652321596949111,0.5026923686069757,30
-900,Noun,N,0.4339622641509434,0.06873010445603236,0.3652321596949111,0.5026923686069757,31
-880,Noun,N,0.41509433962264153,0.06720612674308535,0.3478882128795562,0.4823004663657269,32
-860,Noun,N,0.39622641509433965,0.0678277006998428,0.32839871439449686,0.46405411579418243,33
-840,Noun,N,0.39622641509433965,0.0678277006998428,0.32839871439449686,0.46405411579418243,34
-820,Noun,N,0.37924528301886795,0.06704191930875147,0.3122033637101165,0.4462872023276194,35
-800,Noun,N,0.37735849056603776,0.06721936822588917,0.3101391223401486,0.4445778587919269,36
-780,Noun,N,0.37735849056603776,0.06721936822588917,0.3101391223401486,0.4445778587919269,37
-760,Noun,N,0.360377358490566,0.06633356917451677,0.29404378931604924,0.4267109276650828,38
-740,Noun,N,0.35660377358490564,0.06617857674538988,0.29042519683951573,0.42278235033029554,39
-720,Noun,N,0.33962264150943394,0.06567388880550809,0.2739487527039258,0.40529653031494206,40
-700,Noun,N,0.33962264150943394,0.06567388880550809,0.2739487527039258,0.40529653031494206,41
-680,Noun,N,0.330188679245283,0.06451701239736682,0.2656716668479162,0.3947056916426498,42
-660,Noun,N,0.32075471698113206,0.06472889149775837,0.2560258254833737,0.3854836084788904,43
-640,Noun,N,0.32075471698113206,0.06472889149775837,0.2560258254833737,0.3854836084788904,44
-620,Noun,N,0.33584905660377357,0.06504962600519233,0.27079943059858125,0.4008986826089659,45
-600,Noun,N,0.32075471698113206,0.06472889149775837,0.2560258254833737,0.3854836084788904,46
-580,Noun,N,0.32075471698113206,0.06472889149775837,0.2560258254833737,0.3854836084788904,47
-560,Noun,N,0.32075471698113206,0.06472889149775837,0.2560258254833737,0.3854836084788904,48
-540,Noun,N,0.31886792452830187,0.06437466325942814,0.2544932612688737,0.38324258778773,49
-520,Noun,N,0.32075471698113206,0.06472889149775837,0.2560258254833737,0.3854836084788904,50
-500,Noun,N,0.32075471698113206,0.06472889149775837,0.2560258254833737,0.3854836084788904,51
-480,Noun,N,0.32075471698113206,0.06472889149775837,0.2560258254833737,0.3854836084788904,52
-460,Noun,N,0.3018867924528302,0.06366244470090365,0.23822434775192652,0.36554923715373383,53
-440,Noun,N,0.32075471698113206,0.06472889149775837,0.2560258254833737,0.3854836084788904,54
-420,Noun,N,0.32075471698113206,0.06472889149775837,0.2560258254833737,0.3854836084788904,55
-400,Noun,N,0.32075471698113206,0.06472889149775837,0.2560258254833737,0.3854836084788904,56
-380,Noun,N,0.3018867924528302,0.06366244470090365,0.23822434775192652,0.36554923715373383,57
-360,Noun,N,0.32075471698113206,0.06472889149775837,0.2560258254833737,0.3854836084788904,58
-340,Noun,N,0.32075471698113206,0.06472889149775837,0.2560258254833737,0.3854836084788904,59
-320,Noun,N,0.30377358490566037,0.06351818043976386,0.2402554044658965,0.36729176534542424,60
-300,Noun,N,0.3584905660377358,0.06534678966244878,0.29314377637528705,0.4238373557001846,61
-280,Noun,N,0.37735849056603776,0.06721936822588917,0.3101391223401486,0.4445778587919269,62
-260,Noun,N,0.38113207547169814,0.06691722047451405,0.3142148549971841,0.4480492959462122,63
-240,Noun,N,0.3886792452830189,0.06694995083620434,0.32172929444681453,0.45562919611922326,64
-220,Noun,N,0.4037735849056604,0.06739838150751605,0.33637520339814436,0.47117196641317644,65
-200,Noun,N,0.39622641509433965,0.0678277006998428,0.32839871439449686,0.46405411579418243,66
-180,Noun,N,0.37735849056603776,0.06721936822588917,0.3101391223401486,0.4445778587919269,67
-160,Noun,N,0.37735849056603776,0.06721936822588917,0.3101391223401486,0.4445778587919269,68
-140,Noun,N,0.36792452830188677,0.06619305806090786,0.3017314702409789,0.4341175863627946,69
-120,Noun,N,0.3584905660377358,0.06650261419090688,0.29198795184682896,0.4249931802286427,70
-100,Noun,N,0.39622641509433965,0.0678277006998428,0.32839871439449686,0.46405411579418243,71
-80,Noun,N,0.39622641509433965,0.0678277006998428,0.32839871439449686,0.46405411579418243,72
-60,Noun,N,0.37735849056603776,0.06721936822588917,0.3101391223401486,0.4445778587919269,73
-40,Noun,N,0.40943396226415096,0.06762958055834589,0.34180438170580507,0.47706354282249686,74
-20,Noun,N,0.41509433962264153,0.06833050743880024,0.34676383218384127,0.4834248470614418,75
0,Noun,N,0.41509433962264153,0.06833050743880024,0.34676383218384127,0.4834248470614418,76
20,Noun,N,0.39622641509433965,0.0678277006998428,0.32839871439449686,0.46405411579418243,77
40,Noun,N,0.42641509433962266,0.06794468335063811,0.3584704109889846,0.49435977769026074,78
60,Noun,N,0.4339622641509434,0.06873010445603236,0.3652321596949111,0.5026923686069757,79
80,Noun,N,0.41509433962264153,0.06833050743880024,0.34676383218384127,0.4834248470614418,80
100,Noun,N,0.4339622641509434,0.06873010445603236,0.3652321596949111,0.5026923686069757,81
120,Noun,N,0.43018867924528303,0.06823425594258042,0.3619544233027026,0.49842293518786346,82
140,Noun,N,0.41509433962264153,0.06833050743880024,0.34676383218384127,0.4834248470614418,83
160,Noun,N,0.39622641509433965,0.0678277006998428,0.32839871439449686,0.46405411579418243,84
180,Noun,N,0.4169811320754717,0.06813585895967512,0.3488452731157966,0.4851169910351468,85
200,Noun,N,0.42830188679245285,0.06720510805942073,0.36109677873303214,0.49550699485187355,86
220,Noun,N,0.41509433962264153,0.06833050743880024,0.34676383218384127,0.4834248470614418,87
240,Noun,N,0.39622641509433965,0.0678277006998428,0.32839871439449686,0.46405411579418243,88
260,Noun,N,0.39622641509433965,0.0678277006998428,0.32839871439449686,0.46405411579418243,89
280,Noun,N,0.42452830188679247,0.06787814897807028,0.3566501529087222,0.49240645086486273,90
300,Noun,N,0.4339622641509434,0.06873010445603236,0.3652321596949111,0.5026923686069757,91
320,Noun,N,0.4339622641509434,0.06873010445603236,0.3652321596949111,0.5026923686069757,92
340,Noun,N,0.41320754716981134,0.06729469319233812,0.34591285397747323,0.48050224036214945,93
360,Noun,N,0.39622641509433965,0.0678277006998428,0.32839871439449686,0.46405411579418243,94
380,Noun,N,0.39622641509433965,0.0678277006998428,0.32839871439449686,0.46405411579418243,95
400,Noun,N,0.39622641509433965,0.0678277006998428,0.32839871439449686,0.46405411579418243,96
420,Noun,N,0.37169811320754714,0.06578637627955654,0.3059117369279906,0.43748448948710367,97
440,Noun,N,0.3584905660377358,0.06650261419090688,0.29198795184682896,0.4249931802286427,98
460,Noun,N,0.35283018867924526,0.06568848138180317,0.2871417072974421,0.4185186700610484,99
480,Noun,N,0.30943396226415093,0.06342110231419376,0.24601285994995717,0.3728550645783447,100
500,Noun,N,0.3018867924528302,0.06366244470090365,0.23822434775192652,0.36554923715373383,101
520,Noun,N,0.3018867924528302,0.06366244470090365,0.23822434775192652,0.36554923715373383,102
540,Noun,N,0.3018867924528302,0.06366244470090365,0.23822434775192652,0.36554923715373383,103
560,Noun,N,0.3018867924528302,0.06366244470090365,0.23822434775192652,0.36554923715373383,104
580,Noun,N,0.32075471698113206,0.06472889149775837,0.2560258254833737,0.3854836084788904,105
600,Noun,N,0.32075471698113206,0.06472889149775837,0.2560258254833737,0.3854836084788904,106
620,Noun,N,0.32075471698113206,0.06472889149775837,0.2560258254833737,0.3854836084788904,107
640,Noun,N,0.32075471698113206,0.06472889149775837,0.2560258254833737,0.3854836084788904,108
660,Noun,N,0.30566037735849055,0.06342973749733871,0.24223063986115184,0.36909011485582927,109
680,Noun,N,0.31886792452830187,0.06437466325942814,0.2544932612688737,0.38324258778773,110
700,Noun,N,0.31886792452830187,0.06437466325942814,0.2544932612688737,0.38324258778773,111
720,Noun,N,0.3018867924528302,0.06366244470090365,0.23822434775192652,0.36554923715373383,112
740,Noun,N,0.3018867924528302,0.06366244470090365,0.23822434775192652,0.36554923715373383,113
760,Noun,N,0.3018867924528302,0.06366244470090365,0.23822434775192652,0.36554923715373383,114
780,Noun,N,0.3018867924528302,0.06366244470090365,0.23822434775192652,0.36554923715373383,115
800,Noun,N,0.30754716981132074,0.06339734949589224,0.2441498203154285,0.37094451930721295,116
820,Noun,N,0.32075471698113206,0.06472889149775837,0.2560258254833737,0.3854836084788904,117
840,Noun,N,0.32075471698113206,0.06472889149775837,0.2560258254833737,0.3854836084788904,118
860,Noun,N,0.32075471698113206,0.06472889149775837,0.2560258254833737,0.3854836084788904,119
880,Noun,N,0.32075471698113206,0.06472889149775837,0.2560258254833737,0.3854836084788904,120
900,Noun,N,0.32452830188679244,0.06357204867581386,0.2609562532109786,0.3881003505626063,121
920,Noun,N,0.3132075471698113,0.06363663036800445,0.24957091680180687,0.37684417753781574,122
940,Noun,N,0.3018867924528302,0.06366244470090365,0.23822434775192652,0.36554923715373383,123
960,Noun,N,0.30377358490566037,0.06351818043976386,0.2402554044658965,0.36729176534542424,124
980,Noun,N,0.32075471698113206,0.06472889149775837,0.2560258254833737,0.3854836084788904,125
1000,Noun,N,0.32075471698113206,0.06472889149775837,0.2560258254833737,0.3854836084788904,126
1020,Noun,N,0.32075471698113206,0.06472889149775837,0.2560258254833737,0.3854836084788904,127
1040,Noun,N,0.32075471698113206,0.06472889149775837,0.2560258254833737,0.3854836084788904,128
1060,Noun,N,0.32075471698113206,0.06472889149775837,0.2560258254833737,0.3854836084788904,129
1080,Noun,N,0.32452830188679244,0.06447880021859585,0.26004950166819657,0.3890071021053883,130
1100,Noun,N,0.33962264150943394,0.06567388880550809,0.2739487527039258,0.40529653031494206,131
1120,Noun,N,0.33962264150943394,0.06567388880550809,0.2739487527039258,0.40529653031494206,132
1140,Noun,N,0.33962264150943394,0.06567388880550809,0.2739487527039258,0.40529653031494206,133
1160,Noun,N,0.33962264150943394,0.06567388880550809,0.2739487527039258,0.40529653031494206,134
1180,Noun,N,0.32264150943396225,0.06457640862047864,0.2580651008134836,0.3872179180544409,135
1200,Noun,N,0.33962264150943394,0.06567388880550809,0.2739487527039258,0.40529653031494206,136
1220,Noun,N,0.3584905660377358,0.06650261419090688,0.29198795184682896,0.4249931802286427,137
1240,Noun,N,0.3584905660377358,0.06650261419090688,0.29198795184682896,0.4249931802286427,138
1260,Noun,N,0.3584905660377358,0.06650261419090688,0.29198795184682896,0.4249931802286427,139
1280,Noun,N,0.3584905660377358,0.06650261419090688,0.29198795184682896,0.4249931802286427,140
1300,Noun,N,0.3584905660377358,0.06650261419090688,0.29198795184682896,0.4249931802286427,141
1320,Noun,N,0.3584905660377358,0.06650261419090688,0.29198795184682896,0.4249931802286427,142
1340,Noun,N,0.3660377358490566,0.06614753467944569,0.2998902011696109,0.43218527052850225,143
1360,Noun,N,0.37735849056603776,0.06721936822588917,0.3101391223401486,0.4445778587919269,144
1380,Noun,N,0.37735849056603776,0.06721936822588917,0.3101391223401486,0.4445778587919269,145
1400,Noun,N,0.3584905660377358,0.06650261419090688,0.29198795184682896,0.4249931802286427,146
1420,Noun,N,0.37735849056603776,0.06721936822588917,0.3101391223401486,0.4445778587919269,147
1440,Noun,N,0.37735849056603776,0.06721936822588917,0.3101391223401486,0.4445778587919269,148
1460,Noun,N,0.3584905660377358,0.06650261419090688,0.29198795184682896,0.4249931802286427,149
1480,Noun,N,0.38301886792452833,0.06684556693594884,0.3161733009885795,0.44986443486047717,150
1500,Noun,N,0.4037735849056604,0.06739838150751605,0.33637520339814436,0.47117196641317644,151
1520,Noun,N,0.41509433962264153,0.06833050743880024,0.34676383218384127,0.4834248470614418,152
1540,Noun,N,0.39622641509433965,0.0678277006998428,0.32839871439449686,0.46405411579418243,153
1560,Noun,N,0.41509433962264153,0.06833050743880024,0.34676383218384127,0.4834248470614418,154
1580,Noun,N,0.41509433962264153,0.06833050743880024,0.34676383218384127,0.4834248470614418,155
1600,Noun,N,0.39622641509433965,0.0678277006998428,0.32839871439449686,0.46405411579418243,156
1620,Noun,N,0.41509433962264153,0.06833050743880024,0.34676383218384127,0.4834248470614418,157
1640,Noun,N,0.4339622641509434,0.06873010445603236,0.3652321596949111,0.5026923686069757,158
1660,Noun,N,0.4339622641509434,0.06873010445603236,0.3652321596949111,0.5026923686069757,159
1680,Noun,N,0.41509433962264153,0.06833050743880024,0.34676383218384127,0.4834248470614418,160
1700,Noun,N,0.4339622641509434,0.06873010445603236,0.3652321596949111,0.5026923686069757,161
1720,Noun,N,0.4339622641509434,0.06873010445603236,0.3652321596949111,0.5026923686069757,162
1740,Noun,N,0.41509433962264153,0.06833050743880024,0.34676383218384127,0.4834248470614418,163
1760,Noun,N,0.4339622641509434,0.06873010445603236,0.3652321596949111,0.5026923686069757,164
1780,Noun,N,0.43018867924528303,0.06823425594258042,0.3619544233027026,0.49842293518786346,165
1800,Noun,N,0.41509433962264153,0.06833050743880024,0.34676383218384127,0.4834248470614418,166
1820,Noun,N,0.39622641509433965,0.0678277006998428,0.32839871439449686,0.46405411579418243,167
1840,Noun,N,0.4339622641509434,0.06873010445603236,0.3652321596949111,0.5026923686069757,168
1860,Noun,N,0.4339622641509434,0.06873010445603236,0.3652321596949111,0.5026923686069757,169
1880,Noun,N,0.41509433962264153,0.06833050743880024,0.34676383218384127,0.4834248470614418,170
1900,Noun,N,0.4339622641509434,0.06873010445603236,0.3652321596949111,0.5026923686069757,171
1920,Noun,N,0.4339622641509434,0.06873010445603236,0.3652321596949111,0.5026923686069757,172
1940,Noun,N,0.4339622641509434,0.06873010445603236,0.3652321596949111,0.5026923686069757,173
1960,Noun,N,0.41509433962264153,0.06833050743880024,0.34676383218384127,0.4834248470614418,174
1980,Noun,N,0.4490566037735849,0.0685545687273439,0.380502035046241,0.5176111725009288,175
2000,Noun,N,0.4528301886792453,0.06902828418342012,0.3838019044958252,0.5218584728626654,176
2020,Noun,N,0.4169811320754717,0.06813585895967512,0.3488452731157966,0.4851169910351468,177
2040,Noun,N,0.4339622641509434,0.06873010445603236,0.3652321596949111,0.5026923686069757,178
2060,Noun,N,0.4,0.06750799554860032,0.3324920044513997,0.46750799554860034,179
2080,Noun,N,0.39622641509433965,0.0678277006998428,0.32839871439449686,0.46405411579418243,180
2100,Noun,N,0.3735849056603774,0.06665069045729499,0.3069342152030824,0.4402355961176724,181
2120,Noun,N,0.37735849056603776,0.06721936822588917,0.3101391223401486,0.4445778587919269,182
2140,Noun,N,0.4226415094339623,0.06786402724035645,0.35477748219360583,0.49050553667431873,183
2160,Noun,N,0.39622641509433965,0.0678277006998428,0.32839871439449686,0.46405411579418243,184
2180,Noun,N,0.4339622641509434,0.06873010445603236,0.3652321596949111,0.5026923686069757,185
2200,Noun,N,0.4339622641509434,0.06873010445603236,0.3652321596949111,0.5026923686069757,186
2220,Noun,N,0.4339622641509434,0.06873010445603236,0.3652321596949111,0.5026923686069757,187
2240,Noun,N,0.4037735849056604,0.06739838150751605,0.33637520339814436,0.47117196641317644,188
2260,Noun,N,0.42641509433962266,0.06794468335063811,0.3584704109889846,0.49435977769026074,189
2280,Noun,N,0.39622641509433965,0.0678277006998428,0.32839871439449686,0.46405411579418243,190
2300,Noun,N,0.37735849056603776,0.06721936822588917,0.3101391223401486,0.4445778587919269,191
2320,Noun,N,0.41509433962264153,0.06833050743880024,0.34676383218384127,0.4834248470614418,192
2340,Noun,N,0.42452830188679247,0.06787814897807028,0.3566501529087222,0.49240645086486273,193
2360,Noun,N,0.4339622641509434,0.06873010445603236,0.3652321596949111,0.5026923686069757,194
2380,Noun,N,0.41509433962264153,0.06833050743880024,0.34676383218384127,0.4834248470614418,195
2400,Noun,N,0.4339622641509434,0.06873010445603236,0.3652321596949111,0.5026923686069757,196
2420,Noun,N,0.4339622641509434,0.06873010445603236,0.3652321596949111,0.5026923686069757,197
2440,Noun,N,0.41509433962264153,0.06833050743880024,0.34676383218384127,0.4834248470614418,198
2460,Noun,N,0.41509433962264153,0.06833050743880024,0.34676383218384127,0.4834248470614418,199
2480,Noun,N,0.41509433962264153,0.06833050743880024,0.34676383218384127,0.4834248470614418,200
2500,Noun,N,0.41509433962264153,0.06833050743880024,0.34676383218384127,0.4834248470614418,201
2520,Noun,N,0.42641509433962266,0.06751610802781588,0.3588989863118068,0.49393120236743854,202
2540,Noun,N,0.4528301886792453,0.06902828418342012,0.3838019044958252,0.5218584728626654,203
2560,Noun,N,0.4547169811320755,0.06881571474635102,0.3859012663857245,0.5235326958784265,204
2580,Noun,N,0.4528301886792453,0.06902828418342012,0.3838019044958252,0.5218584728626654,205
2600,Noun,N,0.4716981132075472,0.06922635714201347,0.4024717560655337,0.5409244703495606,206
2620,Noun,N,0.5094339622641509,0.06932518139952391,0.440108780864627,0.5787591436636749,207
2640,Noun,N,0.49056603773584906,0.06932518139952391,0.42124085633632513,0.559891219135373,208
2660,Noun,N,0.49056603773584906,0.06932518139952391,0.42124085633632513,0.559891219135373,209
2680,Noun,N,0.5094339622641509,0.06932518139952391,0.440108780864627,0.5787591436636749,210
2700,Noun,N,0.5226415094339623,0.06871416519226144,0.45392734424170084,0.5913556746262237,211
2720,Noun,N,0.5320754716981132,0.06877391838352218,0.463301553314591,0.6008493900816354,212
2740,Noun,N,0.5471698113207547,0.06902828418342012,0.4781415271373346,0.6161980955041748,213
2760,Noun,N,0.5547169811320755,0.06828640901056143,0.486430572121514,0.6230033901426368,214
2780,Noun,N,0.5660377358490566,0.06873010445603236,0.49730763139302425,0.6347678403050889,215
2800,Noun,N,0.5660377358490566,0.06873010445603236,0.49730763139302425,0.6347678403050889,216
2820,Noun,N,0.5471698113207547,0.06902828418342012,0.4781415271373346,0.6161980955041748,217
2840,Noun,N,0.5471698113207547,0.06902828418342012,0.4781415271373346,0.6161980955041748,218
2860,Noun,N,0.5415094339622641,0.06854458161007176,0.4729648523521924,0.610054015572336,219
2880,Noun,N,0.5283018867924528,0.06922635714201347,0.45907552965043935,0.5975282439344662,220
2900,Noun,N,0.5264150943396226,0.06900447722144859,0.45741061711817405,0.5954195715610713,221
2920,Noun,N,0.5094339622641509,0.06932518139952391,0.440108780864627,0.5787591436636749,222
2940,Noun,N,0.5075471698113208,0.06909371103245493,0.4384534587788658,0.5766408808437757,223
2960,Noun,N,0.49056603773584906,0.06932518139952391,0.42124085633632513,0.559891219135373,224
2980,Noun,N,0.49056603773584906,0.06932518139952391,0.42124085633632513,0.559891219135373,225
3000,Noun,N,0.49056603773584906,0.06932518139952391,0.42124085633632513,0.559891219135373,226
3020,Noun,N,0.49056603773584906,0.06932518139952391,0.42124085633632513,0.559891219135373,227
3040,Noun,N,0.4716981132075472,0.06922635714201347,0.4024717560655337,0.5409244703495606,228
3060,Noun,N,0.4716981132075472,0.06922635714201347,0.4024717560655337,0.5409244703495606,229
3080,Noun,N,0.4716981132075472,0.06922635714201347,0.4024717560655337,0.5409244703495606,230
3100,Noun,N,0.4716981132075472,0.06922635714201347,0.4024717560655337,0.5409244703495606,231
3120,Noun,N,0.4716981132075472,0.06922635714201347,0.4024717560655337,0.5409244703495606,232
3140,Noun,N,0.4716981132075472,0.06922635714201347,0.4024717560655337,0.5409244703495606,233
3160,Noun,N,0.4716981132075472,0.06922635714201347,0.4024717560655337,0.5409244703495606,234
3180,Noun,N,0.4716981132075472,0.06922635714201347,0.4024717560655337,0.5409244703495606,235
3200,Noun,N,0.46037735849056605,0.06848662761009829,0.3918907308804678,0.5288639861006643,236
3220,Noun,N,0.4528301886792453,0.06902828418342012,0.3838019044958252,0.5218584728626654,237
3240,Noun,N,0.4528301886792453,0.06902828418342012,0.3838019044958252,0.5218584728626654,238
3260,Noun,N,0.4528301886792453,0.06902828418342012,0.3838019044958252,0.5218584728626654,239
3280,Noun,N,0.4528301886792453,0.06902828418342012,0.3838019044958252,0.5218584728626654,240
3300,Noun,N,0.46037735849056605,0.06848662761009829,0.3918907308804678,0.5288639861006643,241
3320,Noun,N,0.4528301886792453,0.06902828418342012,0.3838019044958252,0.5218584728626654,242
3340,Noun,N,0.4339622641509434,0.06873010445603236,0.3652321596949111,0.5026923686069757,243
3360,Noun,N,0.4339622641509434,0.06873010445603236,0.3652321596949111,0.5026923686069757,244
3380,Noun,N,0.4320754716981132,0.06845663215151099,0.36361883954660223,0.5005321038496242,245
3400,Noun,N,0.41509433962264153,0.06833050743880024,0.34676383218384127,0.4834248470614418,246
3420,Noun,N,0.4339622641509434,0.06873010445603236,0.3652321596949111,0.5026923686069757,247
3440,Noun,N,0.4339622641509434,0.06873010445603236,0.3652321596949111,0.5026923686069757,248
3460,Noun,N,0.4339622641509434,0.06873010445603236,0.3652321596949111,0.5026923686069757,249
3480,Noun,N,0.4339622641509434,0.06873010445603236,0.3652321596949111,0.5026923686069757,250
3500,Noun,N,0.4339622641509434,0.06873010445603236,0.3652321596949111,0.5026923686069757,251
3520,Noun,N,0.4528301886792453,0.06902828418342012,0.3838019044958252,0.5218584728626654,252
3540,Noun,N,0.4716981132075472,0.06922635714201347,0.4024717560655337,0.5409244703495606,253
3560,Noun,N,0.4716981132075472,0.06922635714201347,0.4024717560655337,0.5409244703495606,254
3580,Noun,N,0.4641509433962264,0.06852660113104689,0.3956243422651795,0.5326775445272733,255
3600,Noun,N,0.4528301886792453,0.06902828418342012,0.3838019044958252,0.5218584728626654,256
3620,Noun,N,0.4528301886792453,0.06902828418342012,0.3838019044958252,0.5218584728626654,257
3640,Noun,N,0.4679245283018868,0.06877391838352218,0.3991506099183646,0.536698446685409,258
3660,Noun,N,0.4716981132075472,0.06922635714201347,0.4024717560655337,0.5409244703495606,259
3680,Noun,N,0.4716981132075472,0.06922635714201347,0.4024717560655337,0.5409244703495606,260
3700,Noun,N,0.45849056603773586,0.06854458161007176,0.3899459844276641,0.5270351476478077,261
3720,Noun,N,0.4528301886792453,0.06902828418342012,0.3838019044958252,0.5218584728626654,262
3740,Noun,N,0.4528301886792453,0.06902828418342012,0.3838019044958252,0.5218584728626654,263
3760,Noun,N,0.4528301886792453,0.06902828418342012,0.3838019044958252,0.5218584728626654,264
3780,Noun,N,0.4528301886792453,0.06902828418342012,0.3838019044958252,0.5218584728626654,265
3800,Noun,N,0.4528301886792453,0.06902828418342012,0.3838019044958252,0.5218584728626654,266
3820,Noun,N,0.4528301886792453,0.06902828418342012,0.3838019044958252,0.5218584728626654,267
3840,Noun,N,0.4528301886792453,0.06902828418342012,0.3838019044958252,0.5218584728626654,268
3860,Noun,N,0.4528301886792453,0.06902828418342012,0.3838019044958252,0.5218584728626654,269
3880,Noun,N,0.4528301886792453,0.06902828418342012,0.3838019044958252,0.5218584728626654,270
3900,Noun,N,0.4528301886792453,0.06902828418342012,0.3838019044958252,0.5218584728626654,271
3920,Noun,N,0.4528301886792453,0.06902828418342012,0.3838019044958252,0.5218584728626654,272
3940,Noun,N,0.4528301886792453,0.06902828418342012,0.3838019044958252,0.5218584728626654,273
3960,Noun,N,0.4528301886792453,0.06902828418342012,0.3838019044958252,0.5218584728626654,274
3980,Noun,N,0.4528301886792453,0.06902828418342012,0.3838019044958252,0.5218584728626654,275
4000,Noun,N,0.4528301886792453,0.06902828418342012,0.3838019044958252,0.5218584728626654,276
4020,Noun,N,0.4528301886792453,0.06902828418342012,0.3838019044958252,0.5218584728626654,277
4040,Noun,N,0.4528301886792453,0.06902828418342012,0.3838019044958252,0.5218584728626654,278
4060,Noun,N,0.4716981132075472,0.06922635714201347,0.4024717560655337,0.5409244703495606,279
4080,Noun,N,0.4716981132075472,0.06922635714201347,0.4024717560655337,0.5409244703495606,280
-1500,Verb,V,0.37037037037037035,0.06633194954624339,0.30403842082412696,0.43670231991661373,1
-1480,Verb,V,0.35185185185185186,0.06559626746748289,0.286255584384369,0.41744811931933473,2
-1460,Verb,V,0.34444444444444444,0.06413792498864866,0.28030651945579577,0.4085823694330931,3
-1440,Verb,V,0.35185185185185186,0.06559626746748289,0.286255584384369,0.41744811931933473,4
-1420,Verb,V,0.35185185185185186,0.06559626746748289,0.286255584384369,0.41744811931933473,5
-1400,Verb,V,0.35185185185185186,0.06559626746748289,0.286255584384369,0.41744811931933473,6
-1380,Verb,V,0.3333333333333333,0.06475239082381762,0.2685809425095157,0.39808572415715093,7
-1360,Verb,V,0.3333333333333333,0.06475239082381762,0.2685809425095157,0.39808572415715093,8
-1340,Verb,V,0.3333333333333333,0.06475239082381762,0.2685809425095157,0.39808572415715093,9
-1320,Verb,V,0.3592592592592593,0.0652639921311324,0.29399526712812685,0.4245232513903917,10
-1300,Verb,V,0.35185185185185186,0.06559626746748289,0.286255584384369,0.41744811931933473,11
-1280,Verb,V,0.3333333333333333,0.06475239082381762,0.2685809425095157,0.39808572415715093,12
-1260,Verb,V,0.3333333333333333,0.06475239082381762,0.2685809425095157,0.39808572415715093,13
-1240,Verb,V,0.3333333333333333,0.06475239082381762,0.2685809425095157,0.39808572415715093,14
-1220,Verb,V,0.35185185185185186,0.06559626746748289,0.286255584384369,0.41744811931933473,15
-1200,Verb,V,0.3648148148148148,0.06556518818868806,0.29924962662612675,0.4303800030035029,16
-1180,Verb,V,0.37222222222222223,0.0661624890646956,0.30605973315752666,0.4383847112869178,17
-1160,Verb,V,0.40370370370370373,0.06697846180939021,0.3367252418943135,0.47068216551309394,18
-1140,Verb,V,0.3888888888888889,0.06696300316010247,0.32192588572878644,0.45585189204899135,19
-1120,Verb,V,0.3888888888888889,0.06696300316010247,0.32192588572878644,0.45585189204899135,20
-1100,Verb,V,0.3925925925925926,0.06665890163645377,0.32593369095613883,0.4592514942290464,21
-1080,Verb,V,0.3888888888888889,0.06696300316010247,0.32192588572878644,0.45585189204899135,22
-1060,Verb,V,0.3888888888888889,0.06696300316010247,0.32192588572878644,0.45585189204899135,23
-1040,Verb,V,0.4074074074074074,0.0674923632013956,0.3399150442060118,0.47489977060880295,24
-1020,Verb,V,0.4074074074074074,0.0674923632013956,0.3399150442060118,0.47489977060880295,25
-1000,Verb,V,0.4222222222222222,0.067430978592787,0.3547912436294352,0.48965320081500924,26
-980,Verb,V,0.40555555555555556,0.06721039624306134,0.3383451593124942,0.4727659517986169,27
-960,Verb,V,0.3648148148148148,0.06556518818868806,0.29924962662612675,0.4303800030035029,28
-940,Verb,V,0.35185185185185186,0.06559626746748289,0.286255584384369,0.41744811931933473,29
-920,Verb,V,0.35185185185185186,0.06559626746748289,0.286255584384369,0.41744811931933473,30
-900,Verb,V,0.3592592592592593,0.06483427879854278,0.2944249804607165,0.42409353805780203,31
-880,Verb,V,0.35185185185185186,0.06559626746748289,0.286255584384369,0.41744811931933473,32
-860,Verb,V,0.35185185185185186,0.06559626746748289,0.286255584384369,0.41744811931933473,33
-840,Verb,V,0.35185185185185186,0.06559626746748289,0.286255584384369,0.41744811931933473,34
-820,Verb,V,0.35,0.06484675263837687,0.2851532473616231,0.41484675263837684,35
-800,Verb,V,0.35185185185185186,0.06559626746748289,0.286255584384369,0.41744811931933473,36
-780,Verb,V,0.35185185185185186,0.06559626746748289,0.286255584384369,0.41744811931933473,37
-760,Verb,V,0.35185185185185186,0.06559626746748289,0.286255584384369,0.41744811931933473,38
-740,Verb,V,0.35185185185185186,0.06559626746748289,0.286255584384369,0.41744811931933473,39
-720,Verb,V,0.3425925925925926,0.06451462880233295,0.2780779637902597,0.40710722139492556,40
-700,Verb,V,0.3148148148148148,0.0637960262540699,0.25101878856074494,0.3786108410688847,41
-680,Verb,V,0.32407407407407407,0.06360557097908184,0.26046850309499225,0.3876796450531559,42
-660,Verb,V,0.3333333333333333,0.06475239082381762,0.2685809425095157,0.39808572415715093,43
-640,Verb,V,0.35,0.06484675263837687,0.2851532473616231,0.41484675263837684,44
-620,Verb,V,0.34074074074074073,0.06429309842720679,0.2764476423135339,0.40503383916794755,45
-600,Verb,V,0.32222222222222224,0.0630943669286874,0.2591278552935348,0.38531658915090966,46
-580,Verb,V,0.2962962962962963,0.06272202843414919,0.23357426786214708,0.3590183247304455,47
-560,Verb,V,0.28189300411522633,0.0613109314563389,0.22058207265888743,0.34320393557156526,48
-540,Verb,V,0.2777777777777778,0.06152423727810981,0.216253540499668,0.3393020150558876,49
-520,Verb,V,0.26296296296296295,0.06000793659925946,0.2029550263637035,0.3229708995622224,50
-500,Verb,V,0.25925925925925924,0.06019526336088897,0.19906399589837026,0.31945452262014823,51
-480,Verb,V,0.25925925925925924,0.06019526336088897,0.19906399589837026,0.31945452262014823,52
-460,Verb,V,0.25925925925925924,0.06019526336088897,0.19906399589837026,0.31945452262014823,53
-440,Verb,V,0.25925925925925924,0.06019526336088897,0.19906399589837026,0.31945452262014823,54
-420,Verb,V,0.25925925925925924,0.06019526336088897,0.19906399589837026,0.31945452262014823,55
-400,Verb,V,0.25925925925925924,0.06019526336088897,0.19906399589837026,0.31945452262014823,56
-380,Verb,V,0.25925925925925924,0.06019526336088897,0.19906399589837026,0.31945452262014823,57
-360,Verb,V,0.25925925925925924,0.06019526336088897,0.19906399589837026,0.31945452262014823,58
-340,Verb,V,0.2777777777777778,0.06152423727810981,0.216253540499668,0.3393020150558876,59
-320,Verb,V,0.2777777777777778,0.06152423727810981,0.216253540499668,0.3393020150558876,60
-300,Verb,V,0.2962962962962963,0.06272202843414919,0.23357426786214708,0.3590183247304455,61
-280,Verb,V,0.25,0.05873997230686069,0.19126002769313932,0.3087399723068607,62
-260,Verb,V,0.24074074074074073,0.05872620136016885,0.18201453938057188,0.29946694210090957,63
-240,Verb,V,0.24074074074074073,0.05872620136016885,0.18201453938057188,0.29946694210090957,64
-220,Verb,V,0.24074074074074073,0.05872620136016885,0.18201453938057188,0.29946694210090957,65
-200,Verb,V,0.24074074074074073,0.05872620136016885,0.18201453938057188,0.29946694210090957,66
-180,Verb,V,0.24074074074074073,0.05872620136016885,0.18201453938057188,0.29946694210090957,67
-160,Verb,V,0.24074074074074073,0.05872620136016885,0.18201453938057188,0.29946694210090957,68
-140,Verb,V,0.24074074074074073,0.05872620136016885,0.18201453938057188,0.29946694210090957,69
-120,Verb,V,0.2518518518518518,0.058917603501679676,0.19293424835017214,0.3107694553535315,70
-100,Verb,V,0.2462962962962963,0.058559040008842815,0.18773725628745347,0.3048553363051391,71
-80,Verb,V,0.24074074074074073,0.05872620136016885,0.18201453938057188,0.29946694210090957,72
-60,Verb,V,0.24074074074074073,0.05872620136016885,0.18201453938057188,0.29946694210090957,73
-40,Verb,V,0.24074074074074073,0.05872620136016885,0.18201453938057188,0.29946694210090957,74
-20,Verb,V,0.24814814814814815,0.05844124434691478,0.18970690380123337,0.3065893924950629,75
0,Verb,V,0.27037037037037037,0.06031767924313431,0.21005269112723607,0.3306880496135047,76
20,Verb,V,0.25925925925925924,0.06019526336088897,0.19906399589837026,0.31945452262014823,77
40,Verb,V,0.24814814814814815,0.05862033266199366,0.1895278154861545,0.3067684808101418,78
60,Verb,V,0.25925925925925924,0.06019526336088897,0.19906399589837026,0.31945452262014823,79
80,Verb,V,0.25925925925925924,0.06019526336088897,0.19906399589837026,0.31945452262014823,80
100,Verb,V,0.25925925925925924,0.06019526336088897,0.19906399589837026,0.31945452262014823,81
120,Verb,V,0.25925925925925924,0.06019526336088897,0.19906399589837026,0.31945452262014823,82
140,Verb,V,0.2777777777777778,0.06152423727810981,0.216253540499668,0.3393020150558876,83
160,Verb,V,0.2777777777777778,0.06152423727810981,0.216253540499668,0.3393020150558876,84
180,Verb,V,0.2777777777777778,0.06152423727810981,0.216253540499668,0.3393020150558876,85
200,Verb,V,0.2777777777777778,0.06152423727810981,0.216253540499668,0.3393020150558876,86
220,Verb,V,0.26481481481481484,0.05999984902190458,0.20481496579291025,0.3248146638367194,87
240,Verb,V,0.24074074074074073,0.05872620136016885,0.18201453938057188,0.29946694210090957,88
260,Verb,V,0.24074074074074073,0.05872620136016885,0.18201453938057188,0.29946694210090957,89
280,Verb,V,0.24074074074074073,0.05872620136016885,0.18201453938057188,0.29946694210090957,90
300,Verb,V,0.24074074074074073,0.05872620136016885,0.18201453938057188,0.29946694210090957,91
320,Verb,V,0.24814814814814815,0.05862033266199366,0.1895278154861545,0.3067684808101418,92
340,Verb,V,0.25925925925925924,0.06019526336088897,0.19906399589837026,0.31945452262014823,93
360,Verb,V,0.25925925925925924,0.06019526336088897,0.19906399589837026,0.31945452262014823,94
380,Verb,V,0.25925925925925924,0.06019526336088897,0.19906399589837026,0.31945452262014823,95
400,Verb,V,0.25925925925925924,0.06019526336088897,0.19906399589837026,0.31945452262014823,96
420,Verb,V,0.2462962962962963,0.058559040008842815,0.18773725628745347,0.3048553363051391,97
440,Verb,V,0.24074074074074073,0.05872620136016885,0.18201453938057188,0.29946694210090957,98
460,Verb,V,0.24074074074074073,0.05872620136016885,0.18201453938057188,0.29946694210090957,99
480,Verb,V,0.24074074074074073,0.05872620136016885,0.18201453938057188,0.29946694210090957,100
500,Verb,V,0.24074074074074073,0.05872620136016885,0.18201453938057188,0.29946694210090957,101
520,Verb,V,0.24074074074074073,0.05872620136016885,0.18201453938057188,0.29946694210090957,102
540,Verb,V,0.2574074074074074,0.05979243458052824,0.19761497282687918,0.31719984198793566,103
560,Verb,V,0.25925925925925924,0.06019526336088897,0.19906399589837026,0.31945452262014823,104
580,Verb,V,0.25925925925925924,0.06019526336088897,0.19906399589837026,0.31945452262014823,105
600,Verb,V,0.25925925925925924,0.06019526336088897,0.19906399589837026,0.31945452262014823,106
620,Verb,V,0.25,0.05873997230686069,0.19126002769313932,0.3087399723068607,107
640,Verb,V,0.24074074074074073,0.05872620136016885,0.18201453938057188,0.29946694210090957,108
660,Verb,V,0.2351851851851852,0.05762340735174075,0.17756177783344446,0.2928085925369259,109
680,Verb,V,0.2037037037037037,0.055322127819126765,0.14838157588457693,0.25902583152283043,110
700,Verb,V,0.2037037037037037,0.055322127819126765,0.14838157588457693,0.25902583152283043,111
720,Verb,V,0.2037037037037037,0.055322127819126765,0.14838157588457693,0.25902583152283043,112
740,Verb,V,0.2037037037037037,0.055322127819126765,0.14838157588457693,0.25902583152283043,113
760,Verb,V,0.2037037037037037,0.055322127819126765,0.14838157588457693,0.25902583152283043,114
780,Verb,V,0.2037037037037037,0.055322127819126765,0.14838157588457693,0.25902583152283043,115
800,Verb,V,0.21481481481481482,0.05566492844343026,0.15914988637138455,0.2704797432582451,116
820,Verb,V,0.2222222222222222,0.057106240972227405,0.1651159812499948,0.2793284631944496,117
840,Verb,V,0.2222222222222222,0.057106240972227405,0.1651159812499948,0.2793284631944496,118
860,Verb,V,0.2222222222222222,0.057106240972227405,0.1651159812499948,0.2793284631944496,119
880,Verb,V,0.21481481481481482,0.05566492844343026,0.15914988637138455,0.2704797432582451,120
900,Verb,V,0.2037037037037037,0.055322127819126765,0.14838157588457693,0.25902583152283043,121
920,Verb,V,0.21481481481481482,0.05566492844343026,0.15914988637138455,0.2704797432582451,122
940,Verb,V,0.23703703703703705,0.05793417167831422,0.17910286535872283,0.29497120871535126,123
960,Verb,V,0.24074074074074073,0.05872620136016885,0.18201453938057188,0.29946694210090957,124
980,Verb,V,0.24074074074074073,0.05872620136016885,0.18201453938057188,0.29946694210090957,125
1000,Verb,V,0.24074074074074073,0.05872620136016885,0.18201453938057188,0.29946694210090957,126
1020,Verb,V,0.25,0.05873997230686069,0.19126002769313932,0.3087399723068607,127
1040,Verb,V,0.25925925925925924,0.06019526336088897,0.19906399589837026,0.31945452262014823,128
1060,Verb,V,0.25925925925925924,0.06019526336088897,0.19906399589837026,0.31945452262014823,129
1080,Verb,V,0.24259259259259258,0.05861205361658472,0.18398053897600786,0.3012046462091773,130
1100,Verb,V,0.24074074074074073,0.05872620136016885,0.18201453938057188,0.29946694210090957,131
1120,Verb,V,0.24074074074074073,0.05872620136016885,0.18201453938057188,0.29946694210090957,132
1140,Verb,V,0.24074074074074073,0.05872620136016885,0.18201453938057188,0.29946694210090957,133
1160,Verb,V,0.24074074074074073,0.05872620136016885,0.18201453938057188,0.29946694210090957,134
1180,Verb,V,0.24074074074074073,0.05872620136016885,0.18201453938057188,0.29946694210090957,135
1200,Verb,V,0.24074074074074073,0.05872620136016885,0.18201453938057188,0.29946694210090957,136
1220,Verb,V,0.24444444444444444,0.05855627756845649,0.18588816687598794,0.3030007220129009,137
1240,Verb,V,0.25925925925925924,0.06019526336088897,0.19906399589837026,0.31945452262014823,138
1260,Verb,V,0.25925925925925924,0.06019526336088897,0.19906399589837026,0.31945452262014823,139
1280,Verb,V,0.26851851851851855,0.060154940527273326,0.20836357799124522,0.32867345904579187,140
1300,Verb,V,0.2833333333333333,0.06130139994502675,0.22203193338830657,0.3446347332783601,141
1320,Verb,V,0.2962962962962963,0.06272202843414919,0.23357426786214708,0.3590183247304455,142
1340,Verb,V,0.3148148148148148,0.0637960262540699,0.25101878856074494,0.3786108410688847,143
1360,Verb,V,0.3148148148148148,0.0637960262540699,0.25101878856074494,0.3786108410688847,144
1380,Verb,V,0.31296296296296294,0.0634466764833867,0.24951628647957624,0.37640963944634964,145
1400,Verb,V,0.2962962962962963,0.06272202843414919,0.23357426786214708,0.3590183247304455,146
1420,Verb,V,0.3111111111111111,0.06314972096793073,0.2479613901431804,0.3742608320790418,147
1440,Verb,V,0.31296296296296294,0.0634466764833867,0.24951628647957624,0.37640963944634964,148
1460,Verb,V,0.2833333333333333,0.06130139994502675,0.22203193338830657,0.3446347332783601,149
1480,Verb,V,0.2777777777777778,0.06152423727810981,0.216253540499668,0.3393020150558876,150
1500,Verb,V,0.2851851851851852,0.06133885943837406,0.22384632574681115,0.3465240446235593,151
1520,Verb,V,0.2962962962962963,0.06272202843414919,0.23357426786214708,0.3590183247304455,152
1540,Verb,V,0.2962962962962963,0.06272202843414919,0.23357426786214708,0.3590183247304455,153
1560,Verb,V,0.28703703703703703,0.0614321449222108,0.22560489211482623,0.3484691819592478,154
1580,Verb,V,0.2777777777777778,0.06152423727810981,0.216253540499668,0.3393020150558876,155
1600,Verb,V,0.2777777777777778,0.06152423727810981,0.216253540499668,0.3393020150558876,156
1620,Verb,V,0.2814814814814815,0.06131986875232248,0.22016161272915902,0.342801350233804,157
1640,Verb,V,0.28703703703703703,0.0614321449222108,0.22560489211482623,0.3484691819592478,158
1660,Verb,V,0.2777777777777778,0.06152423727810981,0.216253540499668,0.3393020150558876,159
1680,Verb,V,0.2777777777777778,0.06152423727810981,0.216253540499668,0.3393020150558876,160
1700,Verb,V,0.2777777777777778,0.06152423727810981,0.216253540499668,0.3393020150558876,161
1720,Verb,V,0.26666666666666666,0.06004889691713213,0.20661776974953452,0.3267155635837988,162
1740,Verb,V,0.25925925925925924,0.06019526336088897,0.19906399589837026,0.31945452262014823,163
1760,Verb,V,0.25925925925925924,0.06019526336088897,0.19906399589837026,0.31945452262014823,164
1780,Verb,V,0.29444444444444445,0.062356287137218566,0.23208815730722587,0.35680073158166303,165
1800,Verb,V,0.2962962962962963,0.06272202843414919,0.23357426786214708,0.3590183247304455,166
1820,Verb,V,0.2962962962962963,0.06272202843414919,0.23357426786214708,0.3590183247304455,167
1840,Verb,V,0.29259259259259257,0.062043685824962835,0.23054890676762974,0.3546362784175554,168
1860,Verb,V,0.26851851851851855,0.060154940527273326,0.20836357799124522,0.32867345904579187,169
1880,Verb,V,0.2777777777777778,0.06152423727810981,0.216253540499668,0.3393020150558876,170
1900,Verb,V,0.2777777777777778,0.06152423727810981,0.216253540499668,0.3393020150558876,171
1920,Verb,V,0.29259259259259257,0.062043685824962835,0.23054890676762974,0.3546362784175554,172
1940,Verb,V,0.2962962962962963,0.06272202843414919,0.23357426786214708,0.3590183247304455,173
1960,Verb,V,0.2962962962962963,0.06272202843414919,0.23357426786214708,0.3590183247304455,174
1980,Verb,V,0.2962962962962963,0.06272202843414919,0.23357426786214708,0.3590183247304455,175
2000,Verb,V,0.2962962962962963,0.06272202843414919,0.23357426786214708,0.3590183247304455,176
2020,Verb,V,0.3074074074074074,0.06271583845484889,0.2446915689525585,0.3701232458622563,177
2040,Verb,V,0.3148148148148148,0.0637960262540699,0.25101878856074494,0.3786108410688847,178
2060,Verb,V,0.3314814814814815,0.06441827384143811,0.2670632076400434,0.3958997553229196,179
2080,Verb,V,0.3333333333333333,0.06475239082381762,0.2685809425095157,0.39808572415715093,180
2100,Verb,V,0.3148148148148148,0.0637960262540699,0.25101878856074494,0.3786108410688847,181
2120,Verb,V,0.3333333333333333,0.06475239082381762,0.2685809425095157,0.39808572415715093,182
2140,Verb,V,0.37037037037037035,0.06633194954624339,0.30403842082412696,0.43670231991661373,183
2160,Verb,V,0.37037037037037035,0.06633194954624339,0.30403842082412696,0.43670231991661373,184
2180,Verb,V,0.37037037037037035,0.06633194954624339,0.30403842082412696,0.43670231991661373,185
2200,Verb,V,0.37037037037037035,0.06633194954624339,0.30403842082412696,0.43670231991661373,186
2220,Verb,V,0.37037037037037035,0.06633194954624339,0.30403842082412696,0.43670231991661373,187
2240,Verb,V,0.37037037037037035,0.06633194954624339,0.30403842082412696,0.43670231991661373,188
2260,Verb,V,0.38333333333333336,0.06623286535270982,0.3171004679806235,0.4495661986860432,189
2280,Verb,V,0.3888888888888889,0.06696300316010247,0.32192588572878644,0.45585189204899135,190
2300,Verb,V,0.3888888888888889,0.06696300316010247,0.32192588572878644,0.45585189204899135,191
2320,Verb,V,0.4074074074074074,0.0674923632013956,0.3399150442060118,0.47489977060880295,192
2340,Verb,V,0.42407407407407405,0.06765179816121475,0.3564222759128593,0.4917258722352888,193
2360,Verb,V,0.42592592592592593,0.06792240738867397,0.358003518537252,0.4938483333145999,194
2380,Verb,V,0.4222222222222222,0.067430978592787,0.3547912436294352,0.48965320081500924,195
2400,Verb,V,0.4074074074074074,0.0674923632013956,0.3399150442060118,0.47489977060880295,196
2420,Verb,V,0.4074074074074074,0.0674923632013956,0.3399150442060118,0.47489977060880295,197
2440,Verb,V,0.4,0.06666666666666667,0.33333333333333337,0.4666666666666667,198
2460,Verb,V,0.3888888888888889,0.06696300316010247,0.32192588572878644,0.45585189204899135,199
2480,Verb,V,0.3888888888888889,0.06696300316010247,0.32192588572878644,0.45585189204899135,200
2500,Verb,V,0.3888888888888889,0.06696300316010247,0.32192588572878644,0.45585189204899135,201
2520,Verb,V,0.4074074074074074,0.0674923632013956,0.3399150442060118,0.47489977060880295,202
2540,Verb,V,0.4074074074074074,0.0674923632013956,0.3399150442060118,0.47489977060880295,203
2560,Verb,V,0.4074074074074074,0.0674923632013956,0.3399150442060118,0.47489977060880295,204
2580,Verb,V,0.4111111111111111,0.06717139475254748,0.34393971635856363,0.47828250586365856,205
2600,Verb,V,0.4148148148148148,0.06705377168918751,0.3477610431256273,0.4818685865040023,206
2620,Verb,V,0.42592592592592593,0.06792240738867397,0.358003518537252,0.4938483333145999,207
2640,Verb,V,0.4074074074074074,0.0674923632013956,0.3399150442060118,0.47489977060880295,208
2660,Verb,V,0.42592592592592593,0.06792240738867397,0.358003518537252,0.4938483333145999,209
2680,Verb,V,0.42592592592592593,0.06792240738867397,0.358003518537252,0.4938483333145999,210
2700,Verb,V,0.42592592592592593,0.06792240738867397,0.358003518537252,0.4938483333145999,211
2720,Verb,V,0.42592592592592593,0.06792240738867397,0.358003518537252,0.4938483333145999,212
2740,Verb,V,0.42592592592592593,0.06792240738867397,0.358003518537252,0.4938483333145999,213
2760,Verb,V,0.42962962962962964,0.06758433557638482,0.3620452940532448,0.49721396520601446,214
2780,Verb,V,0.4444444444444444,0.06825501298155014,0.3761894314628943,0.5126994574259945,215
2800,Verb,V,0.42777777777777776,0.0677282700584179,0.36004950771935984,0.4955060478361957,216
2820,Verb,V,0.4074074074074074,0.0674923632013956,0.3399150442060118,0.47489977060880295,217
2840,Verb,V,0.4074074074074074,0.0674923632013956,0.3399150442060118,0.47489977060880295,218
2860,Verb,V,0.4074074074074074,0.0674923632013956,0.3399150442060118,0.47489977060880295,219
2880,Verb,V,0.4074074074074074,0.0674923632013956,0.3399150442060118,0.47489977060880295,220
2900,Verb,V,0.42407407407407405,0.06723734700953332,0.3568367270645407,0.49131142108360737,221
2920,Verb,V,0.4444444444444444,0.06825501298155014,0.3761894314628943,0.5126994574259945,222
2940,Verb,V,0.42962962962962964,0.06758433557638482,0.3620452940532448,0.49721396520601446,223
2960,Verb,V,0.42592592592592593,0.06792240738867397,0.358003518537252,0.4938483333145999,224
2980,Verb,V,0.4203703703703704,0.06663414456365795,0.35373622580671243,0.48700451493402835,225
3000,Verb,V,0.42592592592592593,0.06662394780093196,0.359301978124994,0.4925498737268579,226
3020,Verb,V,0.42592592592592593,0.06792240738867397,0.358003518537252,0.4938483333145999,227
3040,Verb,V,0.42592592592592593,0.06792240738867397,0.358003518537252,0.4938483333145999,228
3060,Verb,V,0.4425925925925926,0.0671680231902516,0.375424569402341,0.5097606157828442,229
3080,Verb,V,0.4444444444444444,0.06825501298155014,0.3761894314628943,0.5126994574259945,230
3100,Verb,V,0.42592592592592593,0.06792240738867397,0.358003518537252,0.4938483333145999,231
3120,Verb,V,0.42592592592592593,0.06792240738867397,0.358003518537252,0.4938483333145999,232
3140,Verb,V,0.42592592592592593,0.06792240738867397,0.358003518537252,0.4938483333145999,233
3160,Verb,V,0.412962962962963,0.0670870548622677,0.3458759081006953,0.48005001782523066,234
3180,Verb,V,0.4074074074074074,0.0674923632013956,0.3399150442060118,0.47489977060880295,235
3200,Verb,V,0.4074074074074074,0.0674923632013956,0.3399150442060118,0.47489977060880295,236
3220,Verb,V,0.4074074074074074,0.0674923632013956,0.3399150442060118,0.47489977060880295,237
3240,Verb,V,0.4074074074074074,0.0674923632013956,0.3399150442060118,0.47489977060880295,238
3260,Verb,V,0.3925925925925926,0.06665890163645377,0.32593369095613883,0.4592514942290464,239
3280,Verb,V,0.3888888888888889,0.06696300316010247,0.32192588572878644,0.45585189204899135,240
3300,Verb,V,0.3888888888888889,0.06696300316010247,0.32192588572878644,0.45585189204899135,241
3320,Verb,V,0.3888888888888889,0.06696300316010247,0.32192588572878644,0.45585189204899135,242
3340,Verb,V,0.3574074074074074,0.06526845342309064,0.2921389539843168,0.422675860830498,243
3360,Verb,V,0.35185185185185186,0.06559626746748289,0.286255584384369,0.41744811931933473,244
3380,Verb,V,0.35185185185185186,0.06559626746748289,0.286255584384369,0.41744811931933473,245
3400,Verb,V,0.35185185185185186,0.06559626746748289,0.286255584384369,0.41744811931933473,246
3420,Verb,V,0.35185185185185186,0.06559626746748289,0.286255584384369,0.41744811931933473,247
3440,Verb,V,0.36666666666666664,0.06496787358520431,0.3016987930814623,0.431634540251871,248
3460,Verb,V,0.37037037037037035,0.06633194954624339,0.30403842082412696,0.43670231991661373,249
3480,Verb,V,0.37037037037037035,0.06633194954624339,0.30403842082412696,0.43670231991661373,250
3500,Verb,V,0.37407407407407406,0.0660445387479462,0.30802953532612787,0.44011861282202025,251
3520,Verb,V,0.3888888888888889,0.06696300316010247,0.32192588572878644,0.45585189204899135,252
3540,Verb,V,0.3888888888888889,0.06696300316010247,0.32192588572878644,0.45585189204899135,253
3560,Verb,V,0.37037037037037035,0.06633194954624339,0.30403842082412696,0.43670231991661373,254
3580,Verb,V,0.37037037037037035,0.06633194954624339,0.30403842082412696,0.43670231991661373,255
3600,Verb,V,0.37037037037037035,0.06633194954624339,0.30403842082412696,0.43670231991661373,256
3620,Verb,V,0.37037037037037035,0.06633194954624339,0.30403842082412696,0.43670231991661373,257
3640,Verb,V,0.37037037037037035,0.06633194954624339,0.30403842082412696,0.43670231991661373,258
3660,Verb,V,0.37037037037037035,0.06633194954624339,0.30403842082412696,0.43670231991661373,259
3680,Verb,V,0.3888888888888889,0.06696300316010247,0.32192588572878644,0.45585189204899135,260
3700,Verb,V,0.3888888888888889,0.06696300316010247,0.32192588572878644,0.45585189204899135,261
3720,Verb,V,0.37962962962962965,0.06578981151059629,0.3138398181190334,0.4454194411402259,262
3740,Verb,V,0.35185185185185186,0.06559626746748289,0.286255584384369,0.41744811931933473,263
3760,Verb,V,0.34444444444444444,0.06462636074861812,0.27981808369582634,0.40907080519306255,264
3780,Verb,V,0.3333333333333333,0.06475239082381762,0.2685809425095157,0.39808572415715093,265
3800,Verb,V,0.34074074074074073,0.0644559296415582,0.2762848110991825,0.40519667038229895,266
3820,Verb,V,0.3351851851851852,0.06459882149618573,0.27058636368899947,0.39978400668137093,267
3840,Verb,V,0.3333333333333333,0.06475239082381762,0.2685809425095157,0.39808572415715093,268
3860,Verb,V,0.3333333333333333,0.06475239082381762,0.2685809425095157,0.39808572415715093,269
3880,Verb,V,0.34074074074074073,0.0644559296415582,0.2762848110991825,0.40519667038229895,270
3900,Verb,V,0.35185185185185186,0.06559626746748289,0.286255584384369,0.41744811931933473,271
3920,Verb,V,0.35185185185185186,0.06559626746748289,0.286255584384369,0.41744811931933473,272
3940,Verb,V,0.35185185185185186,0.06559626746748289,0.286255584384369,0.41744811931933473,273
3960,Verb,V,0.35185185185185186,0.06559626746748289,0.286255584384369,0.41744811931933473,274
3980,Verb,V,0.35185185185185186,0.06559626746748289,0.286255584384369,0.41744811931933473,275
4000,Verb,V,0.3592592592592593,0.0652639921311324,0.29399526712812685,0.4245232513903917,276
4020,Verb,V,0.37037037037037035,0.06633194954624339,0.30403842082412696,0.43670231991661373,277
4040,Verb,V,0.35185185185185186,0.06559626746748289,0.286255584384369,0.41744811931933473,278
4060,Verb,V,0.35185185185185186,0.06559626746748289,0.286255584384369,0.41744811931933473,279
4080,Verb,V,0.35185185185185186,0.06559626746748289,0.286255584384369,0.41744811931933473,280
4100,Verb,V,0.35185185185185186,0.06559626746748289,0.286255584384369,0.41744811931933473,301
4100,Verb,V,0.35185185185185186,0.06559626746748289,0.286255584384369,0.41744811931933473,302
4100,Verb,V,0.35185185185185186,0.06559626746748289,0.286255584384369,0.41744811931933473,303
4100,Verb,V,0.35185185185185186,0.06559626746748289,0.286255584384369,0.41744811931933473,304
4100,Verb,V,0.35185185185185186,0.06559626746748289,0.286255584384369,0.41744811931933473,305
4100,Verb,V,0.35185185185185186,0.06559626746748289,0.286255584384369,0.41744811931933473,306
4100,Verb,V,0.35185185185185186,0.06559626746748289,0.286255584384369,0.41744811931933473,307
4100,Verb,V,0.35185185185185186,0.06559626746748289,0.286255584384369,0.41744811931933473,308
4100,Verb,V,0.35185185185185186,0.06559626746748289,0.286255584384369,0.41744811931933473,309
4100,Verb,V,0.35185185185185186,0.06559626746748289,0.286255584384369,0.41744811931933473,310
4100,Verb,V,0.35185185185185186,0.06559626746748289,0.286255584384369,0.41744811931933473,311
4100,Verb,V,0.35185185185185186,0.06559626746748289,0.286255584384369,0.41744811931933473,312
4100,Verb,V,0.35185185185185186,0.06559626746748289,0.286255584384369,0.41744811931933473,313
4100,Verb,V,0.35185185185185186,0.06559626746748289,0.286255584384369,0.41744811931933473,314
4100,Verb,V,0.35185185185185186,0.06559626746748289,0.286255584384369,0.41744811931933473,315
4100,Verb,V,0.35185185185185186,0.06559626746748289,0.286255584384369,0.41744811931933473,316
4100,Verb,V,0.35185185185185186,0.06559626746748289,0.286255584384369,0.41744811931933473,317
4100,Verb,V,0.35185185185185186,0.06559626746748289,0.286255584384369,0.41744811931933473,318
4100,Verb,V,0.35185185185185186,0.06559626746748289,0.286255584384369,0.41744811931933473,319
4100,Verb,V,0.35185185185185186,0.06559626746748289,0.286255584384369,0.41744811931933473,320
4100,Verb,V,0.35185185185185186,0.06559626746748289,0.286255584384369,0.41744811931933473,321
4100,Verb,V,0.35185185185185186,0.06559626746748289,0.286255584384369,0.41744811931933473,322
4100,Verb,V,0.35185185185185186,0.06559626746748289,0.286255584384369,0.41744811931933473,323
4100,Verb,V,0.35185185185185186,0.06559626746748289,0.286255584384369,0.41744811931933473,324
4100,Verb,V,0.35185185185185186,0.06559626746748289,0.286255584384369,0.41744811931933473,325
4100,Verb,V,0.35185185185185186,0.06559626746748289,0.286255584384369,0.41744811931933473,326
4100,Verb,V,0.35185185185185186,0.06559626746748289,0.286255584384369,0.41744811931933473,327
4100,Verb,V,0.35185185185185186,0.06559626746748289,0.286255584384369,0.41744811931933473,328
4100,Verb,V,0.35185185185185186,0.06559626746748289,0.286255584384369,0.41744811931933473,329
4100,Verb,V,0.35185185185185186,0.06559626746748289,0.286255584384369,0.41744811931933473,330
4100,Verb,V,0.35185185185185186,0.06559626746748289,0.286255584384369,0.41744811931933473,331
4100,Verb,V,0.35185185185185186,0.06559626746748289,0.286255584384369,0.41744811931933473,332
4100,Verb,V,0.35185185185185186,0.06559626746748289,0.286255584384369,0.41744811931933473,333
4100,Verb,V,0.35185185185185186,0.06559626746748289,0.286255584384369,0.41744811931933473,334
4100,Verb,V,0.35185185185185186,0.06559626746748289,0.286255584384369,0.41744811931933473,335
4100,Verb,V,0.35185185185185186,0.06559626746748289,0.286255584384369,0.41744811931933473,336
4100,Verb,V,0.35185185185185186,0.06559626746748289,0.286255584384369,0.41744811931933473,337
4100,Verb,V,0.35185185185185186,0.06559626746748289,0.286255584384369,0.41744811931933473,338
4100,Verb,V,0.35185185185185186,0.06559626746748289,0.286255584384369,0.41744811931933473,339
4100,Verb,V,0.35185185185185186,0.06559626746748289,0.286255584384369,0.41744811931933473,340
4100,Verb,V,0.35185185185185186,0.06559626746748289,0.286255584384369,0.41744811931933473,341
4100,Verb,V,0.35185185185185186,0.06559626746748289,0.286255584384369,0.41744811931933473,342
4100,Verb,V,0.35185185185185186,0.06559626746748289,0.286255584384369,0.41744811931933473,343
4100,Verb,V,0.35185185185185186,0.06559626746748289,0.286255584384369,0.41744811931933473,344
4100,Verb,V,0.35185185185185186,0.06559626746748289,0.286255584384369,0.41744811931933473,345
4100,Verb,V,0.35185185185185186,0.06559626746748289,0.286255584384369,0.41744811931933473,346
4100,Verb,V,0.35185185185185186,0.06559626746748289,0.286255584384369,0.41744811931933473,347
4100,Verb,V,0.35185185185185186,0.06559626746748289,0.286255584384369,0.41744811931933473,348
4100,Verb,V,0.35185185185185186,0.06559626746748289,0.286255584384369,0.41744811931933473,349
4100,Verb,V,0.35185185185185186,0.06559626746748289,0.286255584384369,0.41744811931933473,350
4100,Verb,V,0.35185185185185186,0.06559626746748289,0.286255584384369,0.41744811931933473,351
4100,Verb,V,0.35185185185185186,0.06559626746748289,0.286255584384369,0.41744811931933473,352
4100,Verb,V,0.35185185185185186,0.06559626746748289,0.286255584384369,0.41744811931933473,353
4100,Verb,V,0.35185185185185186,0.06559626746748289,0.286255584384369,0.41744811931933473,354
4100,Verb,V,0.35185185185185186,0.06559626746748289,0.286255584384369,0.41744811931933473,355
4100,Verb,V,0.35185185185185186,0.06559626746748289,0.286255584384369,0.41744811931933473,356
4100,Verb,V,0.35185185185185186,0.06559626746748289,0.286255584384369,0.41744811931933473,357
4100,Verb,V,0.35185185185185186,0.06559626746748289,0.286255584384369,0.41744811931933473,358
4100,Verb,V,0.35185185185185186,0.06559626746748289,0.286255584384369,0.41744811931933473,359
4100,Verb,V,0.35185185185185186,0.06559626746748289,0.286255584384369,0.41744811931933473,360
4100,Verb,V,0.35185185185185186,0.06559626746748289,0.286255584384369,0.41744811931933473,361
4100,Verb,V,0.35185185185185186,0.06559626746748289,0.286255584384369,0.41744811931933473,362
4100,Verb,V,0.35185185185185186,0.06559626746748289,0.286255584384369,0.41744811931933473,363
4100,Verb,V,0.35185185185185186,0.06559626746748289,0.286255584384369,0.41744811931933473,364
4100,Verb,V,0.35185185185185186,0.06559626746748289,0.286255584384369,0.41744811931933473,365
4100,Verb,V,0.35185185185185186,0.06559626746748289,0.286255584384369,0.41744811931933473,366
4100,Verb,V,0.35185185185185186,0.06559626746748289,0.286255584384369,0.41744811931933473,367
4100,Verb,V,0.35185185185185186,0.06559626746748289,0.286255584384369,0.41744811931933473,368
4100,Verb,V,0.35185185185185186,0.06559626746748289,0.286255584384369,0.41744811931933473,369
4100,Verb,V,0.35185185185185186,0.06559626746748289,0.286255584384369,0.41744811931933473,370
4100,Verb,V,0.35185185185185186,0.06559626746748289,0.286255584384369,0.41744811931933473,371
4100,Verb,V,0.35185185185185186,0.06559626746748289,0.286255584384369,0.41744811931933473,372
4100,Verb,V,0.35185185185185186,0.06559626746748289,0.286255584384369,0.41744811931933473,373
4100,Verb,V,0.35185185185185186,0.06559626746748289,0.286255584384369,0.41744811931933473,374
4100,Verb,V,0.35185185185185186,0.06559626746748289,0.286255584384369,0.41744811931933473,375
4100,Verb,V,0.35185185185185186,0.06559626746748289,0.286255584384369,0.41744811931933473,376
4100,Verb,V,0.35185185185185186,0.06559626746748289,0.286255584384369,0.41744811931933473,377
4100,Verb,V,0.35185185185185186,0.06559626746748289,0.286255584384369,0.41744811931933473,378
4100,Verb,V,0.35185185185185186,0.06559626746748289,0.286255584384369,0.41744811931933473,379
4100,Verb,V,0.35185185185185186,0.06559626746748289,0.286255584384369,0.41744811931933473,380
4100,Verb,V,0.35185185185185186,0.06559626746748289,0.286255584384369,0.41744811931933473,381
4100,Verb,V,0.35185185185185186,0.06559626746748289,0.286255584384369,0.41744811931933473,382
4100,Verb,V,0.35185185185185186,0.06559626746748289,0.286255584384369,0.41744811931933473,383
4100,Verb,V,0.35185185185185186,0.06559626746748289,0.286255584384369,0.41744811931933473,384
4100,Verb,V,0.35185185185185186,0.06559626746748289,0.286255584384369,0.41744811931933473,385
4100,Verb,V,0.35185185185185186,0.06559626746748289,0.286255584384369,0.41744811931933473,386
4100,Verb,V,0.35185185185185186,0.06559626746748289,0.286255584384369,0.41744811931933473,387
4100,Verb,V,0.35185185185185186,0.06559626746748289,0.286255584384369,0.41744811931933473,388
4100,Verb,V,0.35185185185185186,0.06559626746748289,0.286255584384369,0.41744811931933473,389
4100,Verb,V,0.35185185185185186,0.06559626746748289,0.286255584384369,0.41744811931933473,390
4100,Verb,V,0.35185185185185186,0.06559626746748289,0.286255584384369,0.41744811931933473,391
4100,Verb,V,0.35185185185185186,0.06559626746748289,0.286255584384369,0.41744811931933473,392
4100,Verb,V,0.35185185185185186,0.06559626746748289,0.286255584384369,0.41744811931933473,393
4100,Verb,V,0.35185185185185186,0.06559626746748289,0.286255584384369,0.41744811931933473,394
4100,Verb,V,0.35185185185185186,0.06559626746748289,0.286255584384369,0.41744811931933473,395
4100,Verb,V,0.35185185185185186,0.06559626746748289,0.286255584384369,0.41744811931933473,396
4100,Verb,V,0.35185185185185186,0.06559626746748289,0.286255584384369,0.41744811931933473,397
4100,Verb,V,0.35185185185185186,0.06559626746748289,0.286255584384369,0.41744811931933473,398
4100,Verb,V,0.35185185185185186,0.06559626746748289,0.286255584384369,0.41744811931933473,399
4100,Verb,V,0.35185185185185186,0.06559626746748289,0.286255584384369,0.41744811931933473,400
4100,Verb,V,0.35185185185185186,0.06559626746748289,0.286255584384369,0.41744811931933473,401
4100,Verb,V,0.35185185185185186,0.06559626746748289,0.286255584384369,0.41744811931933473,402
4100,Verb,V,0.35185185185185186,0.06559626746748289,0.286255584384369,0.41744811931933473,403
4100,Verb,V,0.35185185185185186,0.06559626746748289,0.286255584384369,0.41744811931933473,404
4100,Verb,V,0.35185185185185186,0.06559626746748289,0.286255584384369,0.41744811931933473,405
4100,Verb,V,0.35185185185185186,0.06559626746748289,0.286255584384369,0.41744811931933473,406
4100,Verb,V,0.35185185185185186,0.06559626746748289,0.286255584384369,0.41744811931933473,407
4100,Verb,V,0.35185185185185186,0.06559626746748289,0.286255584384369,0.41744811931933473,408
4100,Verb,V,0.35185185185185186,0.06559626746748289,0.286255584384369,0.41744811931933473,409
4100,Verb,V,0.35185185185185186,0.06559626746748289,0.286255584384369,0.41744811931933473,410
4100,Verb,V,0.35185185185185186,0.06559626746748289,0.286255584384369,0.41744811931933473,411
4100,Verb,V,0.35185185185185186,0.06559626746748289,0.286255584384369,0.41744811931933473,412
4100,Verb,V,0.35185185185185186,0.06559626746748289,0.286255584384369,0.41744811931933473,413
4100,Verb,V,0.35185185185185186,0.06559626746748289,0.286255584384369,0.41744811931933473,414
4100,Verb,V,0.35185185185185186,0.06559626746748289,0.286255584384369,0.41744811931933473,415
4100,Verb,V,0.35185185185185186,0.06559626746748289,0.286255584384369,0.41744811931933473,416
4100,Verb,V,0.35185185185185186,0.06559626746748289,0.286255584384369,0.41744811931933473,417
4100,Verb,V,0.35185185185185186,0.06559626746748289,0.286255584384369,0.41744811931933473,418
4100,Verb,V,0.35185185185185186,0.06559626746748289,0.286255584384369,0.41744811931933473,419
4100,Verb,V,0.35185185185185186,0.06559626746748289,0.286255584384369,0.41744811931933473,420
4100,Verb,V,0.35185185185185186,0.06559626746748289,0.286255584384369,0.41744811931933473,421
4100,Verb,V,0.35185185185185186,0.06559626746748289,0.286255584384369,0.41744811931933473,422
4100,Verb,V,0.35185185185185186,0.06559626746748289,0.286255584384369,0.41744811931933473,423
4100,Verb,V,0.35185185185185186,0.06559626746748289,0.286255584384369,0.41744811931933473,424
4100,Verb,V,0.35185185185185186,0.06559626746748289,0.286255584384369,0.41744811931933473,425
4100,Verb,V,0.35185185185185186,0.06559626746748289,0.286255584384369,0.41744811931933473,426
4100,Verb,V,0.35185185185185186,0.06559626746748289,0.286255584384369,0.41744811931933473,427
4100,Verb,V,0.35185185185185186,0.06559626746748289,0.286255584384369,0.41744811931933473,428
4100,Verb,V,0.35185185185185186,0.06559626746748289,0.286255584384369,0.41744811931933473,429
4100,Verb,V,0.35185185185185186,0.06559626746748289,0.286255584384369,0.41744811931933473,430
4100,Verb,V,0.35185185185185186,0.06559626746748289,0.286255584384369,0.41744811931933473,431
4100,Verb,V,0.35185185185185186,0.06559626746748289,0.286255584384369,0.41744811931933473,432
4100,Verb,V,0.35185185185185186,0.06559626746748289,0.286255584384369,0.41744811931933473,433
4100,Verb,V,0.35185185185185186,0.06559626746748289,0.286255584384369,0.41744811931933473,434
4100,Verb,V,0.35185185185185186,0.06559626746748289,0.286255584384369,0.41744811931933473,435
4100,Verb,V,0.35185185185185186,0.06559626746748289,0.286255584384369,0.41744811931933473,436
4100,Verb,V,0.35185185185185186,0.06559626746748289,0.286255584384369,0.41744811931933473,437
4100,Verb,V,0.35185185185185186,0.06559626746748289,0.286255584384369,0.41744811931933473,438
4100,Verb,V,0.35185185185185186,0.06559626746748289,0.286255584384369,0.41744811931933473,439
4100,Verb,V,0.35185185185185186,0.06559626746748289,0.286255584384369,0.41744811931933473,440
4100,Verb,V,0.35185185185185186,0.06559626746748289,0.286255584384369,0.41744811931933473,441
4100,Verb,V,0.35185185185185186,0.06559626746748289,0.286255584384369,0.41744811931933473,442
4100,Verb,V,0.35185185185185186,0.06559626746748289,0.286255584384369,0.41744811931933473,443
4100,Verb,V,0.35185185185185186,0.06559626746748289,0.286255584384369,0.41744811931933473,444
4100,Verb,V,0.35185185185185186,0.06559626746748289,0.286255584384369,0.41744811931933473,445
4100,Verb,V,0.35185185185185186,0.06559626746748289,0.286255584384369,0.41744811931933473,446
4100,Verb,V,0.35185185185185186,0.06559626746748289,0.286255584384369,0.41744811931933473,447
4100,Verb,V,0.35185185185185186,0.06559626746748289,0.286255584384369,0.41744811931933473,448
4100,Verb,V,0.35185185185185186,0.06559626746748289,0.286255584384369,0.41744811931933473,449
4100,Verb,V,0.35185185185185186,0.06559626746748289,0.286255584384369,0.41744811931933473,450
4100,Verb,V,0.35185185185185186,0.06559626746748289,0.286255584384369,0.41744811931933473,451
4100,Verb,V,0.35185185185185186,0.06559626746748289,0.286255584384369,0.41744811931933473,452
4100,Verb,V,0.35185185185185186,0.06559626746748289,0.286255584384369,0.41744811931933473,453
4100,Verb,V,0.35185185185185186,0.06559626746748289,0.286255584384369,0.41744811931933473,454
4100,Verb,V,0.35185185185185186,0.06559626746748289,0.286255584384369,0.41744811931933473,455
4100,Verb,V,0.35185185185185186,0.06559626746748289,0.286255584384369,0.41744811931933473,456
4100,Verb,V,0.35185185185185186,0.06559626746748289,0.286255584384369,0.41744811931933473,457
4100,Verb,V,0.35185185185185186,0.06559626746748289,0.286255584384369,0.41744811931933473,458
4100,Verb,V,0.35185185185185186,0.06559626746748289,0.286255584384369,0.41744811931933473,459
4100,Verb,V,0.35185185185185186,0.06559626746748289,0.286255584384369,0.41744811931933473,460
4100,Verb,V,0.35185185185185186,0.06559626746748289,0.286255584384369,0.41744811931933473,461
4100,Verb,V,0.35185185185185186,0.06559626746748289,0.286255584384369,0.41744811931933473,462
4100,Verb,V,0.35185185185185186,0.06559626746748289,0.286255584384369,0.41744811931933473,463
4100,Verb,V,0.35185185185185186,0.06559626746748289,0.286255584384369,0.41744811931933473,464
4100,Verb,V,0.35185185185185186,0.06559626746748289,0.286255584384369,0.41744811931933473,465
4100,Verb,V,0.35185185185185186,0.06559626746748289,0.286255584384369,0.41744811931933473,466
4100,Verb,V,0.35185185185185186,0.06559626746748289,0.286255584384369,0.41744811931933473,467
4100,Verb,V,0.35185185185185186,0.06559626746748289,0.286255584384369,0.41744811931933473,468
4100,Verb,V,0.35185185185185186,0.06559626746748289,0.286255584384369,0.41744811931933473,469
4100,Verb,V,0.35185185185185186,0.06559626746748289,0.286255584384369,0.41744811931933473,470
4100,Verb,V,0.35185185185185186,0.06559626746748289,0.286255584384369,0.41744811931933473,471
4100,Verb,V,0.35185185185185186,0.06559626746748289,0.286255584384369,0.41744811931933473,472
4100,Verb,V,0.35185185185185186,0.06559626746748289,0.286255584384369,0.41744811931933473,473
4100,Verb,V,0.35185185185185186,0.06559626746748289,0.286255584384369,0.41744811931933473,474
4100,Verb,V,0.35185185185185186,0.06559626746748289,0.286255584384369,0.41744811931933473,475
4120,Verb,V,0.35185185185185186,0.06559626746748289,0.286255584384369,0.41744811931933473,476
4140,Verb,V,0.35185185185185186,0.06559626746748289,0.286255584384369,0.41744811931933473,477
4160,Verb,V,0.3333333333333333,0.06475239082381762,0.2685809425095157,0.39808572415715093,478
4180,Verb,V,0.3333333333333333,0.06475239082381762,0.2685809425095157,0.39808572415715093,479
4200,Verb,V,0.3333333333333333,0.06475239082381762,0.2685809425095157,0.39808572415715093,480
4220,Verb,V,0.3333333333333333,0.06475239082381762,0.2685809425095157,0.39808572415715093,481
4240,Verb,V,0.3333333333333333,0.06475239082381762,0.2685809425095157,0.39808572415715093,482
4260,Verb,V,0.3333333333333333,0.06475239082381762,0.2685809425095157,0.39808572415715093,483
4280,Verb,V,0.3148148148148148,0.0637960262540699,0.25101878856074494,0.3786108410688847,484
4300,Verb,V,0.30185185185185187,0.06247239730043659,0.2393794545514153,0.36432424915228845,485
4320,Verb,V,0.2962962962962963,0.06272202843414919,0.23357426786214708,0.3590183247304455,486
4340,Verb,V,0.2962962962962963,0.06272202843414919,0.23357426786214708,0.3590183247304455,487
4360,Verb,V,0.2962962962962963,0.06272202843414919,0.23357426786214708,0.3590183247304455,488
4380,Verb,V,0.29444444444444445,0.062356287137218566,0.23208815730722587,0.35680073158166303,489
4400,Verb,V,0.3148148148148148,0.0637960262540699,0.25101878856074494,0.3786108410688847,490
4420,Verb,V,0.3333333333333333,0.06475239082381762,0.2685809425095157,0.39808572415715093,491
4440,Verb,V,0.3333333333333333,0.06475239082381762,0.2685809425095157,0.39808572415715093,492
4460,Verb,V,0.337037037037037,0.06368029732671733,0.2733567397103197,0.40071733436375434,493
4480,Verb,V,0.3333333333333333,0.06475239082381762,0.2685809425095157,0.39808572415715093,494
4500,Verb,V,0.30925925925925923,0.06290590171382889,0.24635335754543036,0.3721651609730881,495
4520,Verb,V,0.2962962962962963,0.06272202843414919,0.23357426786214708,0.3590183247304455,496
4540,Verb,V,0.2962962962962963,0.06272202843414919,0.23357426786214708,0.3590183247304455,497
4560,Verb,V,0.3333333333333333,0.06475239082381762,0.2685809425095157,0.39808572415715093,498
4580,Verb,V,0.3333333333333333,0.06475239082381762,0.2685809425095157,0.39808572415715093,499
4600,Verb,V,0.3333333333333333,0.06475239082381762,0.2685809425095157,0.39808572415715093,500
4620,Verb,V,0.32037037037037036,0.06352006179453669,0.2568503085758337,0.38389043216490704,501
4640,Verb,V,0.3111111111111111,0.06314972096793073,0.2479613901431804,0.3742608320790418,502
4660,Verb,V,0.2962962962962963,0.06272202843414919,0.23357426786214708,0.3590183247304455,503
4680,Verb,V,0.2962962962962963,0.06272202843414919,0.23357426786214708,0.3590183247304455,504
4700,Verb,V,0.2962962962962963,0.06272202843414919,0.23357426786214708,0.3590183247304455,505
4720,Verb,V,0.2962962962962963,0.06272202843414919,0.23357426786214708,0.3590183247304455,506
4740,Verb,V,0.2962962962962963,0.06272202843414919,0.23357426786214708,0.3590183247304455,507
4760,Verb,V,0.2962962962962963,0.06272202843414919,0.23357426786214708,0.3590183247304455,508
4780,Verb,V,0.2962962962962963,0.06272202843414919,0.23357426786214708,0.3590183247304455,509
4800,Verb,V,0.2962962962962963,0.06272202843414919,0.23357426786214708,0.3590183247304455,510
4820,Verb,V,0.2962962962962963,0.06272202843414919,0.23357426786214708,0.3590183247304455,511
4840,Verb,V,0.2962962962962963,0.06272202843414919,0.23357426786214708,0.3590183247304455,512
4860,Verb,V,0.2851851851851852,0.06133885943837406,0.22384632574681115,0.3465240446235593,513
4880,Verb,V,0.2777777777777778,0.06152423727810981,0.216253540499668,0.3393020150558876,514
4900,Verb,V,0.2777777777777778,0.06152423727810981,0.216253540499668,0.3393020150558876,515
4920,Verb,V,0.26481481481481484,0.05999984902190458,0.20481496579291025,0.3248146638367194,516
4940,Verb,V,0.25925925925925924,0.06019526336088897,0.19906399589837026,0.31945452262014823,517
4960,Verb,V,0.25925925925925924,0.06019526336088897,0.19906399589837026,0.31945452262014823,518
4980,Verb,V,0.25925925925925924,0.06019526336088897,0.19906399589837026,0.31945452262014823,519
5000,Verb,V,0.25925925925925924,0.06019526336088897,0.19906399589837026,0.31945452262014823,520
5020,Verb,V,0.25925925925925924,0.06019526336088897,0.19906399589837026,0.31945452262014823,521
5040,Verb,V,0.25925925925925924,0.06019526336088897,0.19906399589837026,0.31945452262014823,522
5060,Verb,V,0.24444444444444444,0.058137086281516114,0.18630735816292832,0.30258153072596056,523
5080,Verb,V,0.2222222222222222,0.057106240972227405,0.1651159812499948,0.2793284631944496,524
5100,Verb,V,0.22962962962962963,0.057042754303381335,0.17258687532624828,0.286672383933011,525
5120,Verb,V,0.22962962962962963,0.057042754303381335,0.17258687532624828,0.286672383933011,526
5140,Verb,V,0.23703703703703705,0.05793417167831422,0.17910286535872283,0.29497120871535126,527
5160,Verb,V,0.24074074074074073,0.05872620136016885,0.18201453938057188,0.29946694210090957,528
5180,Verb,V,0.2222222222222222,0.057106240972227405,0.1651159812499948,0.2793284631944496,529
5200,Verb,V,0.2222222222222222,0.057106240972227405,0.1651159812499948,0.2793284631944496,530
5220,Verb,V,0.2222222222222222,0.057106240972227405,0.1651159812499948,0.2793284631944496,531
5240,Verb,V,0.2222222222222222,0.057106240972227405,0.1651159812499948,0.2793284631944496,532
5260,Verb,V,0.2222222222222222,0.057106240972227405,0.1651159812499948,0.2793284631944496,533
5280,Verb,V,0.2222222222222222,0.057106240972227405,0.1651159812499948,0.2793284631944496,534
5300,Verb,V,0.2222222222222222,0.057106240972227405,0.1651159812499948,0.2793284631944496,535
5320,Verb,V,0.2222222222222222,0.057106240972227405,0.1651159812499948,0.2793284631944496,536
5340,Verb,V,0.2222222222222222,0.057106240972227405,0.1651159812499948,0.2793284631944496,537
5360,Verb,V,0.2222222222222222,0.057106240972227405,0.1651159812499948,0.2793284631944496,538
5380,Verb,V,0.20925925925925926,0.055215005614353975,0.1540442536449053,0.26447426487361325,539
5400,Verb,V,0.2037037037037037,0.055322127819126765,0.14838157588457693,0.25902583152283043,540
5420,Verb,V,0.2037037037037037,0.055322127819126765,0.14838157588457693,0.25902583152283043,541
5440,Verb,V,0.2037037037037037,0.055322127819126765,0.14838157588457693,0.25902583152283043,542
5460,Verb,V,0.21296296296296297,0.05545355182652211,0.15750941113644085,0.2684165147894851,543
5480,Verb,V,0.2037037037037037,0.055322127819126765,0.14838157588457693,0.25902583152283043,544
5500,Verb,V,0.2037037037037037,0.055322127819126765,0.14838157588457693,0.25902583152283043,545
5520,Verb,V,0.18518518518518517,0.05335739809593592,0.13182778708924925,0.2385425832811211,546
5540,Verb,V,0.18518518518518517,0.05335739809593592,0.13182778708924925,0.2385425832811211,547
5560,Verb,V,0.18518518518518517,0.05335739809593592,0.13182778708924925,0.2385425832811211,548
5580,Verb,V,0.18518518518518517,0.05335739809593592,0.13182778708924925,0.2385425832811211,549
5600,Verb,V,0.18518518518518517,0.05335739809593592,0.13182778708924925,0.2385425832811211,550
5620,Verb,V,0.18518518518518517,0.05335739809593592,0.13182778708924925,0.2385425832811211,551
5640,Verb,V,0.18518518518518517,0.05335739809593592,0.13182778708924925,0.2385425832811211,552
5660,Verb,V,0.18518518518518517,0.05335739809593592,0.13182778708924925,0.2385425832811211,553
5680,Verb,V,0.18518518518518517,0.05335739809593592,0.13182778708924925,0.2385425832811211,554
5700,Verb,V,0.18518518518518517,0.05335739809593592,0.13182778708924925,0.2385425832811211,555
5720,Verb,V,0.18518518518518517,0.05335739809593592,0.13182778708924925,0.2385425832811211,556
5740,Verb,V,0.18518518518518517,0.05335739809593592,0.13182778708924925,0.2385425832811211,557
5760,Verb,V,0.18518518518518517,0.05335739809593592,0.13182778708924925,0.2385425832811211,558
5780,Verb,V,0.2037037037037037,0.055322127819126765,0.14838157588457693,0.25902583152283043,559
5800,Verb,V,0.2037037037037037,0.055322127819126765,0.14838157588457693,0.25902583152283043,560
5820,Verb,V,0.2037037037037037,0.055322127819126765,0.14838157588457693,0.25902583152283043,561
5840,Verb,V,0.2037037037037037,0.055322127819126765,0.14838157588457693,0.25902583152283043,562
5860,Verb,V,0.2037037037037037,0.055322127819126765,0.14838157588457693,0.25902583152283043,563
5880,Verb,V,0.2037037037037037,0.055322127819126765,0.14838157588457693,0.25902583152283043,564
5900,Verb,V,0.21296296296296297,0.05545355182652211,0.15750941113644085,0.2684165147894851,565
5920,Verb,V,0.2037037037037037,0.05397950817047877,0.1497241955332249,0.25768321187418247,566
5940,Verb,V,0.18518518518518517,0.05335739809593592,0.13182778708924925,0.2385425832811211,567
5960,Verb,V,0.18518518518518517,0.05335739809593592,0.13182778708924925,0.2385425832811211,568
5980,Verb,V,0.18518518518518517,0.05335739809593592,0.13182778708924925,0.2385425832811211,569
6000,Verb,V,0.18518518518518517,0.05335739809593592,0.13182778708924925,0.2385425832811211,570
NA,NA,NA,NA,NA,NA,NA,301
NA,NA,NA,NA,NA,NA,NA,302
NA,NA,NA,NA,NA,NA,NA,303
NA,NA,NA,NA,NA,NA,NA,304
NA,NA,NA,NA,NA,NA,NA,305
NA,NA,NA,NA,NA,NA,NA,306
NA,NA,NA,NA,NA,NA,NA,307
NA,NA,NA,NA,NA,NA,NA,308
NA,NA,NA,NA,NA,NA,NA,309
NA,NA,NA,NA,NA,NA,NA,310
NA,NA,NA,NA,NA,NA,NA,311
NA,NA,NA,NA,NA,NA,NA,312
NA,NA,NA,NA,NA,NA,NA,313
NA,NA,NA,NA,NA,NA,NA,314
NA,NA,NA,NA,NA,NA,NA,315
NA,NA,NA,NA,NA,NA,NA,316
NA,NA,NA,NA,NA,NA,NA,317
NA,NA,NA,NA,NA,NA,NA,318
NA,NA,NA,NA,NA,NA,NA,319
NA,NA,NA,NA,NA,NA,NA,320
4100,Noun,N,0.4811320754716981,0.06863042332387163,0.41250165214782647,0.5497624987955697,301
4100,Noun,N,0.4811320754716981,0.06863042332387163,0.41250165214782647,0.5497624987955697,302
4100,Noun,N,0.4811320754716981,0.06863042332387163,0.41250165214782647,0.5497624987955697,303
4100,Noun,N,0.4811320754716981,0.06863042332387163,0.41250165214782647,0.5497624987955697,304
4100,Noun,N,0.4811320754716981,0.06863042332387163,0.41250165214782647,0.5497624987955697,305
4100,Noun,N,0.4811320754716981,0.06863042332387163,0.41250165214782647,0.5497624987955697,306
4100,Noun,N,0.4811320754716981,0.06863042332387163,0.41250165214782647,0.5497624987955697,307
4100,Noun,N,0.4811320754716981,0.06863042332387163,0.41250165214782647,0.5497624987955697,308
4100,Noun,N,0.4811320754716981,0.06863042332387163,0.41250165214782647,0.5497624987955697,309
4100,Noun,N,0.4811320754716981,0.06863042332387163,0.41250165214782647,0.5497624987955697,310
4100,Noun,N,0.4811320754716981,0.06863042332387163,0.41250165214782647,0.5497624987955697,311
4100,Noun,N,0.4811320754716981,0.06863042332387163,0.41250165214782647,0.5497624987955697,312
4100,Noun,N,0.4811320754716981,0.06863042332387163,0.41250165214782647,0.5497624987955697,313
4100,Noun,N,0.4811320754716981,0.06863042332387163,0.41250165214782647,0.5497624987955697,314
4100,Noun,N,0.4811320754716981,0.06863042332387163,0.41250165214782647,0.5497624987955697,315
4100,Noun,N,0.4811320754716981,0.06863042332387163,0.41250165214782647,0.5497624987955697,316
4100,Noun,N,0.4811320754716981,0.06863042332387163,0.41250165214782647,0.5497624987955697,317
4100,Noun,N,0.4811320754716981,0.06863042332387163,0.41250165214782647,0.5497624987955697,318
4100,Noun,N,0.4811320754716981,0.06863042332387163,0.41250165214782647,0.5497624987955697,319
4100,Noun,N,0.4811320754716981,0.06863042332387163,0.41250165214782647,0.5497624987955697,320
4100,Noun,N,0.4811320754716981,0.06863042332387163,0.41250165214782647,0.5497624987955697,321
4100,Noun,N,0.4811320754716981,0.06863042332387163,0.41250165214782647,0.5497624987955697,322
4100,Noun,N,0.4811320754716981,0.06863042332387163,0.41250165214782647,0.5497624987955697,323
4100,Noun,N,0.4811320754716981,0.06863042332387163,0.41250165214782647,0.5497624987955697,324
4100,Noun,N,0.4811320754716981,0.06863042332387163,0.41250165214782647,0.5497624987955697,325
4100,Noun,N,0.4811320754716981,0.06863042332387163,0.41250165214782647,0.5497624987955697,326
4100,Noun,N,0.4811320754716981,0.06863042332387163,0.41250165214782647,0.5497624987955697,327
4100,Noun,N,0.4811320754716981,0.06863042332387163,0.41250165214782647,0.5497624987955697,328
4100,Noun,N,0.4811320754716981,0.06863042332387163,0.41250165214782647,0.5497624987955697,329
4100,Noun,N,0.4811320754716981,0.06863042332387163,0.41250165214782647,0.5497624987955697,330
4120,Noun,N,0.49056603773584906,0.06932518139952391,0.42124085633632513,0.559891219135373,331
4140,Noun,N,0.4981132075471698,0.0687061941737099,0.4294070133734599,0.5668194017208797,332
4160,Noun,N,0.5094339622641509,0.06932518139952391,0.440108780864627,0.5787591436636749,333
4180,Noun,N,0.5094339622641509,0.06932518139952391,0.440108780864627,0.5787591436636749,334
4200,Noun,N,0.5094339622641509,0.06932518139952391,0.440108780864627,0.5787591436636749,335
4220,Noun,N,0.5226415094339623,0.06871416519226144,0.45392734424170084,0.5913556746262237,336
4240,Noun,N,0.5283018867924528,0.06922635714201347,0.45907552965043935,0.5975282439344662,337
4260,Noun,N,0.5283018867924528,0.06922635714201347,0.45907552965043935,0.5975282439344662,338
4280,Noun,N,0.5188679245283019,0.06751103784254497,0.4513568866857569,0.5863789623708469,339
4300,Noun,N,0.5094339622641509,0.06932518139952391,0.440108780864627,0.5787591436636749,340
4320,Noun,N,0.5094339622641509,0.06932518139952391,0.440108780864627,0.5787591436636749,341
4340,Noun,N,0.5037735849056604,0.06878387220210636,0.434989712703554,0.5725574571077667,342
4360,Noun,N,0.49056603773584906,0.06932518139952391,0.42124085633632513,0.559891219135373,343
4380,Noun,N,0.49056603773584906,0.06932518139952391,0.42124085633632513,0.559891219135373,344
4400,Noun,N,0.49056603773584906,0.06932518139952391,0.42124085633632513,0.559891219135373,345
4420,Noun,N,0.49056603773584906,0.06932518139952391,0.42124085633632513,0.559891219135373,346
4440,Noun,N,0.4849056603773585,0.06875400642318025,0.41615165395417825,0.5536596668005387,347
4460,Noun,N,0.49056603773584906,0.06932518139952391,0.42124085633632513,0.559891219135373,348
4480,Noun,N,0.4867924528301887,0.06889326928903378,0.4178991835411549,0.5556857221192224,349
4500,Noun,N,0.4716981132075472,0.06922635714201347,0.4024717560655337,0.5409244703495606,350
4520,Noun,N,0.4716981132075472,0.06922635714201347,0.4024717560655337,0.5409244703495606,351
4540,Noun,N,0.4830188679245283,0.06866632520141303,0.4143525427231153,0.5516851931259413,352
4560,Noun,N,0.49056603773584906,0.06932518139952391,0.42124085633632513,0.559891219135373,353
4580,Noun,N,0.49056603773584906,0.06932518139952391,0.42124085633632513,0.559891219135373,354
4600,Noun,N,0.49056603773584906,0.06932518139952391,0.42124085633632513,0.559891219135373,355
4620,Noun,N,0.5018867924528302,0.0687061941737099,0.43318059827912025,0.5705929866265401,356
4640,Noun,N,0.5094339622641509,0.06932518139952391,0.440108780864627,0.5787591436636749,357
4660,Noun,N,0.49056603773584906,0.06932518139952391,0.42124085633632513,0.559891219135373,358
4680,Noun,N,0.5094339622641509,0.06932518139952391,0.440108780864627,0.5787591436636749,359
4700,Noun,N,0.5094339622641509,0.06932518139952391,0.440108780864627,0.5787591436636749,360
4720,Noun,N,0.5094339622641509,0.06932518139952391,0.440108780864627,0.5787591436636749,361
4740,Noun,N,0.5094339622641509,0.06932518139952391,0.440108780864627,0.5787591436636749,362
4760,Noun,N,0.5094339622641509,0.06932518139952391,0.440108780864627,0.5787591436636749,363
4780,Noun,N,0.5094339622641509,0.06932518139952391,0.440108780864627,0.5787591436636749,364
4800,Noun,N,0.49056603773584906,0.06932518139952391,0.42124085633632513,0.559891219135373,365
4820,Noun,N,0.49056603773584906,0.06932518139952391,0.42124085633632513,0.559891219135373,366
4840,Noun,N,0.4716981132075472,0.06922635714201347,0.4024717560655337,0.5409244703495606,367
4860,Noun,N,0.4716981132075472,0.06922635714201347,0.4024717560655337,0.5409244703495606,368
4880,Noun,N,0.4811320754716981,0.06863042332387163,0.41250165214782647,0.5497624987955697,369
4900,Noun,N,0.49433962264150944,0.06891314101037613,0.4254264816311333,0.5632527636518856,370
4920,Noun,N,0.5169811320754717,0.06866632520141303,0.44831480687405867,0.5856474572768847,371
4940,Noun,N,0.5452830188679245,0.06881571474635102,0.4764673041215735,0.6140987336142756,372
4960,Noun,N,0.5283018867924528,0.06922635714201347,0.45907552965043935,0.5975282439344662,373
4980,Noun,N,0.5283018867924528,0.06922635714201347,0.45907552965043935,0.5975282439344662,374
5000,Noun,N,0.539622641509434,0.06848662761009829,0.4711360138993357,0.6081092691195322,375
5020,Noun,N,0.5283018867924528,0.06922635714201347,0.45907552965043935,0.5975282439344662,376
5040,Noun,N,0.5283018867924528,0.06922635714201347,0.45907552965043935,0.5975282439344662,377
5060,Noun,N,0.5471698113207547,0.06902828418342012,0.4781415271373346,0.6161980955041748,378
5080,Noun,N,0.5471698113207547,0.06902828418342012,0.4781415271373346,0.6161980955041748,379
5100,Noun,N,0.5471698113207547,0.06902828418342012,0.4781415271373346,0.6161980955041748,380
5120,Noun,N,0.5471698113207547,0.06902828418342012,0.4781415271373346,0.6161980955041748,381
5140,Noun,N,0.5471698113207547,0.06902828418342012,0.4781415271373346,0.6161980955041748,382
5160,Noun,N,0.5471698113207547,0.06902828418342012,0.4781415271373346,0.6161980955041748,383
5180,Noun,N,0.5471698113207547,0.06902828418342012,0.4781415271373346,0.6161980955041748,384
5200,Noun,N,0.5471698113207547,0.06902828418342012,0.4781415271373346,0.6161980955041748,385
5220,Noun,N,0.5471698113207547,0.06902828418342012,0.4781415271373346,0.6161980955041748,386
5240,Noun,N,0.5471698113207547,0.06902828418342012,0.4781415271373346,0.6161980955041748,387
5260,Noun,N,0.5471698113207547,0.06902828418342012,0.4781415271373346,0.6161980955041748,388
5280,Noun,N,0.539622641509434,0.06848662761009829,0.4711360138993357,0.6081092691195322,389
5300,Noun,N,0.5207547169811321,0.06864638203198731,0.45210833494914476,0.5894010990131193,390
5320,Noun,N,0.5094339622641509,0.06932518139952391,0.440108780864627,0.5787591436636749,391
5340,Noun,N,0.5094339622641509,0.06932518139952391,0.440108780864627,0.5787591436636749,392
5360,Noun,N,0.5113207547169811,0.06908380185647033,0.4422369528605108,0.5804045565734515,393
5380,Noun,N,0.5283018867924528,0.06922635714201347,0.45907552965043935,0.5975282439344662,394
5400,Noun,N,0.5283018867924528,0.06922635714201347,0.45907552965043935,0.5975282439344662,395
5420,Noun,N,0.5245283018867924,0.06883361970416309,0.4556946821826294,0.5933619215909556,396
5440,Noun,N,0.5283018867924528,0.06922635714201347,0.45907552965043935,0.5975282439344662,397
5460,Noun,N,0.5283018867924528,0.06922635714201347,0.45907552965043935,0.5975282439344662,398
5480,Noun,N,0.5283018867924528,0.06922635714201347,0.45907552965043935,0.5975282439344662,399
5500,Noun,N,0.5094339622641509,0.06932518139952391,0.440108780864627,0.5787591436636749,400
5520,Noun,N,0.49056603773584906,0.06932518139952391,0.42124085633632513,0.559891219135373,401
5540,Noun,N,0.5,0.06846863191183306,0.43153136808816694,0.56846863191183306,402
5560,Noun,N,0.4716981132075472,0.06922635714201347,0.4024717560655337,0.5409244703495606,403
5580,Noun,N,0.49056603773584906,0.06932518139952391,0.42124085633632513,0.559891219135373,404
5600,Noun,N,0.49056603773584906,0.06932518139952391,0.42124085633632513,0.559891219135373,405
5620,Noun,N,0.5075471698113208,0.06909371103245493,0.4384534587788658,0.5766408808437757,406
5640,Noun,N,0.5094339622641509,0.06932518139952391,0.440108780864627,0.5787591436636749,407
5660,Noun,N,0.47924528301886793,0.06806247080101291,0.411182812217855,0.5473077538198808,408
5680,Noun,N,0.4716981132075472,0.06922635714201347,0.4024717560655337,0.5409244703495606,409
5700,Noun,N,0.4716981132075472,0.06922635714201347,0.4024717560655337,0.5409244703495606,410
5720,Noun,N,0.4716981132075472,0.06922635714201347,0.4024717560655337,0.5409244703495606,411
5740,Noun,N,0.4641509433962264,0.06852660113104689,0.3956243422651795,0.5326775445272733,412
5760,Noun,N,0.4716981132075472,0.06922635714201347,0.4024717560655337,0.5409244703495606,413
5780,Noun,N,0.4716981132075472,0.06922635714201347,0.4024717560655337,0.5409244703495606,414
5800,Noun,N,0.4528301886792453,0.06902828418342012,0.3838019044958252,0.5218584728626654,415
5820,Noun,N,0.4641509433962264,0.06852660113104689,0.3956243422651795,0.5326775445272733,416
5840,Noun,N,0.4716981132075472,0.06922635714201347,0.4024717560655337,0.5409244703495606,417
5860,Noun,N,0.49056603773584906,0.06932518139952391,0.42124085633632513,0.559891219135373,418
5880,Noun,N,0.48867924528301887,0.06908380185647033,0.41959544342654853,0.5577630471394892,419
5900,Noun,N,0.4716981132075472,0.06922635714201347,0.4024717560655337,0.5409244703495606,420
5920,Noun,N,0.4716981132075472,0.06922635714201347,0.4024717560655337,0.5409244703495606,421
5940,Noun,N,0.4528301886792453,0.06902828418342012,0.3838019044958252,0.5218584728626654,422
5960,Noun,N,0.4528301886792453,0.06902828418342012,0.3838019044958252,0.5218584728626654,423
5980,Noun,N,0.4528301886792453,0.06902828418342012,0.3838019044958252,0.5218584728626654,424
6000,Noun,N,0.4528301886792453,0.06902828418342012,0.3838019044958252,0.5218584728626654,425
NA,NA,NA,NA,NA,NA,NA,321
NA,NA,NA,NA,NA,NA,NA,322
NA,NA,NA,NA,NA,NA,NA,323
NA,NA,NA,NA,NA,NA,NA,324
NA,NA,NA,NA,NA,NA,NA,325
NA,NA,NA,NA,NA,NA,NA,326
NA,NA,NA,NA,NA,NA,NA,327
NA,NA,NA,NA,NA,NA,NA,328
NA,NA,NA,NA,NA,NA,NA,329
NA,NA,NA,NA,NA,NA,NA,330
NA,NA,NA,NA,NA,NA,NA,331
NA,NA,NA,NA,NA,NA,NA,332
NA,NA,NA,NA,NA,NA,NA,333
NA,NA,NA,NA,NA,NA,NA,334
NA,NA,NA,NA,NA,NA,NA,335
NA,NA,NA,NA,NA,NA,NA,336
NA,NA,NA,NA,NA,NA,NA,337
NA,NA,NA,NA,NA,NA,NA,338
NA,NA,NA,NA,NA,NA,NA,339
NA,NA,NA,NA,NA,NA,NA,340
NA,NA,NA,NA,NA,NA,NA,341
NA,NA,NA,NA,NA,NA,NA,342
NA,NA,NA,NA,NA,NA,NA,343
NA,NA,NA,NA,NA,NA,NA,344
NA,NA,NA,NA,NA,NA,NA,345
NA,NA,NA,NA,NA,NA,NA,346
NA,NA,NA,NA,NA,NA,NA,347
NA,NA,NA,NA,NA,NA,NA,348
NA,NA,NA,NA,NA,NA,NA,349
NA,NA,NA,NA,NA,NA,NA,350
NA,NA,NA,NA,NA,NA,NA,351
NA,NA,NA,NA,NA,NA,NA,352
NA,NA,NA,NA,NA,NA,NA,353
NA,NA,NA,NA,NA,NA,NA,354
NA,NA,NA,NA,NA,NA,NA,355
NA,NA,NA,NA,NA,NA,NA,356
NA,NA,NA,NA,NA,NA,NA,357
NA,NA,NA,NA,NA,NA,NA,358
NA,NA,NA,NA,NA,NA,NA,359
NA,NA,NA,NA,NA,NA,NA,360
NA,NA,NA,NA,NA,NA,NA,361
NA,NA,NA,NA,NA,NA,NA,362
NA,NA,NA,NA,NA,NA,NA,363
NA,NA,NA,NA,NA,NA,NA,364
NA,NA,NA,NA,NA,NA,NA,365
NA,NA,NA,NA,NA,NA,NA,366
NA,NA,NA,NA,NA,NA,NA,367
NA,NA,NA,NA,NA,NA,NA,368
NA,NA,NA,NA,NA,NA,NA,369
NA,NA,NA,NA,NA,NA,NA,370
NA,NA,NA,NA,NA,NA,NA,371
NA,NA,NA,NA,NA,NA,NA,372
NA,NA,NA,NA,NA,NA,NA,373
NA,NA,NA,NA,NA,NA,NA,374
NA,NA,NA,NA,NA,NA,NA,375
NA,NA,NA,NA,NA,NA,NA,376
NA,NA,NA,NA,NA,NA,NA,377
NA,NA,NA,NA,NA,NA,NA,378
NA,NA,NA,NA,NA,NA,NA,379
NA,NA,NA,NA,NA,NA,NA,380
NA,NA,NA,NA,NA,NA,NA,381
NA,NA,NA,NA,NA,NA,NA,382
NA,NA,NA,NA,NA,NA,NA,383
NA,NA,NA,NA,NA,NA,NA,384
NA,NA,NA,NA,NA,NA,NA,385
NA,NA,NA,NA,NA,NA,NA,386
NA,NA,NA,NA,NA,NA,NA,387
NA,NA,NA,NA,NA,NA,NA,388
NA,NA,NA,NA,NA,NA,NA,389
NA,NA,NA,NA,NA,NA,NA,390
NA,NA,NA,NA,NA,NA,NA,391
NA,NA,NA,NA,NA,NA,NA,392
NA,NA,NA,NA,NA,NA,NA,393
NA,NA,NA,NA,NA,NA,NA,394
NA,NA,NA,NA,NA,NA,NA,395
NA,NA,NA,NA,NA,NA,NA,396
NA,NA,NA,NA,NA,NA,NA,397
NA,NA,NA,NA,NA,NA,NA,398
NA,NA,NA,NA,NA,NA,NA,399
NA,NA,NA,NA,NA,NA,NA,400
NA,NA,NA,NA,NA,NA,NA,401
NA,NA,NA,NA,NA,NA,NA,402
NA,NA,NA,NA,NA,NA,NA,403
NA,NA,NA,NA,NA,NA,NA,404
NA,NA,NA,NA,NA,NA,NA,405
NA,NA,NA,NA,NA,NA,NA,406
NA,NA,NA,NA,NA,NA,NA,407
NA,NA,NA,NA,NA,NA,NA,408
NA,NA,NA,NA,NA,NA,NA,409
NA,NA,NA,NA,NA,NA,NA,410
NA,NA,NA,NA,NA,NA,NA,411
NA,NA,NA,NA,NA,NA,NA,412
NA,NA,NA,NA,NA,NA,NA,413
NA,NA,NA,NA,NA,NA,NA,414
NA,NA,NA,NA,NA,NA,NA,415
NA,NA,NA,NA,NA,NA,NA,416
NA,NA,NA,NA,NA,NA,NA,417
NA,NA,NA,NA,NA,NA,NA,418
NA,NA,NA,NA,NA,NA,NA,419
NA,NA,NA,NA,NA,NA,NA,420
NA,NA,NA,NA,NA,NA,NA,421
NA,NA,NA,NA,NA,NA,NA,422
NA,NA,NA,NA,NA,NA,NA,423
NA,NA,NA,NA,NA,NA,NA,424
NA,NA,NA,NA,NA,NA,NA,425
NA,NA,NA,NA,NA,NA,NA,426
NA,NA,NA,NA,NA,NA,NA,427
NA,NA,NA,NA,NA,NA,NA,428
NA,NA,NA,NA,NA,NA,NA,429
NA,NA,NA,NA,NA,NA,NA,430
NA,NA,NA,NA,NA,NA,NA,431
NA,NA,NA,NA,NA,NA,NA,432
NA,NA,NA,NA,NA,NA,NA,433
NA,NA,NA,NA,NA,NA,NA,434
NA,NA,NA,NA,NA,NA,NA,435
NA,NA,NA,NA,NA,NA,NA,436
NA,NA,NA,NA,NA,NA,NA,437
NA,NA,NA,NA,NA,NA,NA,438
NA,NA,NA,NA,NA,NA,NA,439
NA,NA,NA,NA,NA,NA,NA,440
NA,NA,NA,NA,NA,NA,NA,441
NA,NA,NA,NA,NA,NA,NA,442
NA,NA,NA,NA,NA,NA,NA,443
NA,NA,NA,NA,NA,NA,NA,444
NA,NA,NA,NA,NA,NA,NA,445
NA,NA,NA,NA,NA,NA,NA,446
NA,NA,NA,NA,NA,NA,NA,447
NA,NA,NA,NA,NA,NA,NA,448
NA,NA,NA,NA,NA,NA,NA,449
NA,NA,NA,NA,NA,NA,NA,450
NA,NA,NA,NA,NA,NA,NA,451
NA,NA,NA,NA,NA,NA,NA,452
NA,NA,NA,NA,NA,NA,NA,453
NA,NA,NA,NA,NA,NA,NA,454
NA,NA,NA,NA,NA,NA,NA,455
NA,NA,NA,NA,NA,NA,NA,456
NA,NA,NA,NA,NA,NA,NA,457
NA,NA,NA,NA,NA,NA,NA,458
NA,NA,NA,NA,NA,NA,NA,459
NA,NA,NA,NA,NA,NA,NA,460
NA,NA,NA,NA,NA,NA,NA,461
NA,NA,NA,NA,NA,NA,NA,462
NA,NA,NA,NA,NA,NA,NA,463
NA,NA,NA,NA,NA,NA,NA,464
NA,NA,NA,NA,NA,NA,NA,465
NA,NA,NA,NA,NA,NA,NA,466
NA,NA,NA,NA,NA,NA,NA,467
NA,NA,NA,NA,NA,NA,NA,468
NA,NA,NA,NA,NA,NA,NA,469
NA,NA,NA,NA,NA,NA,NA,470
NA,NA,NA,NA,NA,NA,NA,471
NA,NA,NA,NA,NA,NA,NA,472
NA,NA,NA,NA,NA,NA,NA,473
NA,NA,NA,NA,NA,NA,NA,474
NA,NA,NA,NA,NA,NA,NA,475
NA,NA,NA,NA,NA,NA,NA,476
NA,NA,NA,NA,NA,NA,NA,477
NA,NA,NA,NA,NA,NA,NA,478
NA,NA,NA,NA,NA,NA,NA,479
NA,NA,NA,NA,NA,NA,NA,480
NA,NA,NA,NA,NA,NA,NA,481
NA,NA,NA,NA,NA,NA,NA,482
NA,NA,NA,NA,NA,NA,NA,483
NA,NA,NA,NA,NA,NA,NA,484
NA,NA,NA,NA,NA,NA,NA,485
